split,sample,file,x_start,x_end,y_start,y_end,z_start,z_end,density_contrast_gcm3,top_depth_m,bottom_depth_m,gravity_max_mgal
train,0,train/sample_000000.npz,26,31,42,56,8,14,0.7578944232474911,80.0,140.0,0.15199755132198334
train,1,train/sample_000001.npz,42,48,44,49,16,21,0.8288514442215631,160.0,210.0,0.024111783131957054
train,2,train/sample_000002.npz,27,37,22,27,8,15,0.9414119910788814,80.0,150.0,0.1603976935148239
train,3,train/sample_000003.npz,27,41,23,35,14,18,0.38179097742782153,140.0,180.0,0.05809255689382553
train,4,train/sample_000004.npz,50,55,43,54,2,10,0.7053315192976519,20.0,100.0,0.4911840856075287
train,5,train/sample_000005.npz,5,11,48,61,7,13,0.9144968970577583,70.0,130.0,0.24319586157798767
train,6,train/sample_000006.npz,19,31,23,37,4,11,0.23504301262978303,40.0,110.0,0.20609577000141144
train,7,train/sample_000007.npz,48,59,42,48,12,19,0.9740077859473681,120.0,190.0,0.1207093596458435
train,8,train/sample_000008.npz,5,14,26,34,7,15,0.3515770872674286,70.0,150.0,0.1073635146021843
train,9,train/sample_000009.npz,18,28,14,19,9,15,0.7358511957460083,90.0,150.0,0.0971873328089714
train,10,train/sample_000010.npz,30,46,38,47,14,17,0.44989331310563285,140.0,170.0,0.04646550863981247
train,11,train/sample_000011.npz,42,55,20,34,14,19,0.4306624831441953,140.0,190.0,0.08385182917118073
train,12,train/sample_000012.npz,46,53,11,23,4,10,0.20588981580080443,40.0,100.0,0.10565481334924698
train,13,train/sample_000013.npz,24,38,35,49,11,18,0.8245832248175744,110.0,180.0,0.30335816740989685
train,14,train/sample_000014.npz,3,14,9,18,10,15,0.2916240588287788,100.0,150.0,0.054832831025123596
train,15,train/sample_000015.npz,46,55,29,41,9,15,0.8119990859328206,90.0,150.0,0.21368490159511566
train,16,train/sample_000016.npz,6,17,29,41,10,15,0.44316007845008976,100.0,150.0,0.10622081905603409
train,17,train/sample_000017.npz,51,62,14,18,8,12,0.526822914979709,80.0,120.0,0.05463782325387001
train,18,train/sample_000018.npz,38,54,4,19,5,7,0.42510711361759723,50.0,70.0,0.15355855226516724
train,19,train/sample_000019.npz,7,22,32,39,11,16,0.8271185672851309,110.0,160.0,0.13818782567977905
train,20,train/sample_000020.npz,20,36,41,53,8,12,0.33357833592616315,80.0,120.0,0.11820344626903534
train,21,train/sample_000021.npz,42,50,43,47,3,5,0.5695017842011099,30.0,50.0,0.09841915965080261
train,22,train/sample_000022.npz,47,60,10,16,9,17,0.7570563000621888,90.0,170.0,0.17461329698562622
train,23,train/sample_000023.npz,14,24,17,26,7,10,0.7042260744951108,70.0,100.0,0.13706426322460175
train,24,train/sample_000024.npz,19,30,8,16,3,11,0.9695181316396118,30.0,110.0,0.7436732649803162
train,25,train/sample_000025.npz,26,34,14,29,12,17,0.9753411018781792,120.0,170.0,0.1626506894826889
train,26,train/sample_000026.npz,44,51,23,37,12,15,0.4177932494761272,120.0,150.0,0.03903843089938164
train,27,train/sample_000027.npz,9,14,27,32,15,20,0.3618906918361843,150.0,200.0,0.009853910654783249
train,28,train/sample_000028.npz,28,41,11,18,10,17,0.8852914272739005,100.0,170.0,0.18984080851078033
train,29,train/sample_000029.npz,39,43,22,35,12,17,0.7018470725619546,120.0,170.0,0.05357295274734497
train,30,train/sample_000030.npz,37,42,6,17,11,13,0.5326459217364877,110.0,130.0,0.024327833205461502
train,31,train/sample_000031.npz,10,24,20,24,9,12,0.31561935109283756,90.0,120.0,0.026519695296883583
train,32,train/sample_000032.npz,40,52,11,16,10,13,0.9400960947014378,100.0,130.0,0.07490621507167816
train,33,train/sample_000033.npz,29,45,31,42,7,12,0.218243096823758,70.0,120.0,0.09846077114343643
train,34,train/sample_000034.npz,28,33,37,53,9,13,0.2661839999379509,90.0,130.0,0.03787904232740402
train,35,train/sample_000035.npz,25,32,49,59,9,15,0.6573824419008603,90.0,150.0,0.1190292090177536
train,36,train/sample_000036.npz,49,60,18,28,6,13,0.6165379219772302,60.0,130.0,0.29228469729423523
train,37,train/sample_000037.npz,18,33,44,53,2,5,0.9169286174718134,20.0,50.0,0.5946713089942932
train,38,train/sample_000038.npz,17,28,8,13,10,14,0.7377920744318494,100.0,140.0,0.06850035488605499
train,39,train/sample_000039.npz,42,47,41,48,11,14,0.8149179935341258,110.0,140.0,0.03497034311294556
train,40,train/sample_000040.npz,53,61,14,19,15,21,0.22993004494094382,150.0,210.0,0.011270271614193916
train,41,train/sample_000041.npz,19,24,43,54,7,12,0.8466011776514415,70.0,120.0,0.15159061551094055
train,42,train/sample_000042.npz,30,46,17,25,16,19,0.6120457033853717,160.0,190.0,0.04564850032329559
train,43,train/sample_000043.npz,10,25,10,17,16,24,0.2359284955138632,160.0,240.0,0.031566981226205826
train,44,train/sample_000044.npz,10,17,48,57,16,24,0.7988864155655595,160.0,240.0,0.06702040880918503
train,45,train/sample_000045.npz,7,21,25,40,15,18,0.4527432414646344,150.0,180.0,0.05913320556282997
train,46,train/sample_000046.npz,25,29,19,33,11,15,0.2755733344492122,110.0,150.0,0.02153853327035904
train,47,train/sample_000047.npz,2,15,46,59,5,9,0.3927764600045478,50.0,90.0,0.2065475881099701
train,48,train/sample_000048.npz,52,56,10,15,14,16,0.34341464652619125,140.0,160.0,0.00399481737986207
train,49,train/sample_000049.npz,4,12,11,22,15,22,0.44825893832007585,150.0,220.0,0.05202837288379669
train,50,train/sample_000050.npz,24,40,25,39,16,20,0.31511800204100066,160.0,200.0,0.05006624013185501
train,51,train/sample_000051.npz,14,30,9,13,5,8,0.742126938890286,50.0,80.0,0.13891761004924774
train,52,train/sample_000052.npz,43,59,40,45,9,13,0.6648932873767219,90.0,130.0,0.09461696445941925
train,53,train/sample_000053.npz,3,12,41,47,14,22,0.7911872031324334,140.0,220.0,0.07045091688632965
train,54,train/sample_000054.npz,28,42,53,58,3,8,0.5180625550599525,30.0,80.0,0.2469678521156311
train,55,train/sample_000055.npz,24,40,37,44,9,11,0.964498605637576,90.0,110.0,0.10747608542442322
train,56,train/sample_000056.npz,27,37,3,10,15,23,0.6441584338614598,150.0,230.0,0.06599071621894836
train,57,train/sample_000057.npz,42,47,8,20,3,10,0.535291455453043,30.0,100.0,0.2831918001174927
train,58,train/sample_000058.npz,12,16,43,59,10,13,0.8434887324903766,100.0,130.0,0.0666944831609726
train,59,train/sample_000059.npz,46,55,2,12,13,19,0.287315197412588,130.0,190.0,0.038266655057668686
train,60,train/sample_000060.npz,27,34,12,26,13,16,0.6246156724792429,130.0,160.0,0.05147142708301544
train,61,train/sample_000061.npz,38,51,32,43,15,23,0.5300572554189442,150.0,230.0,0.10578944534063339
train,62,train/sample_000062.npz,8,13,36,44,8,16,0.89399250540186,80.0,160.0,0.1355438232421875
train,63,train/sample_000063.npz,16,23,14,23,5,10,0.7968114241947573,50.0,100.0,0.24896308779716492
train,64,train/sample_000064.npz,43,57,5,19,3,11,0.6755469310051614,30.0,110.0,0.8132216930389404
train,65,train/sample_000065.npz,18,26,19,24,14,17,0.3150975463769141,140.0,170.0,0.010115480981767178
train,66,train/sample_000066.npz,9,24,15,30,4,10,0.32289071615364695,40.0,100.0,0.30311456322669983
train,67,train/sample_000067.npz,38,47,5,10,2,7,0.3397131767486822,20.0,70.0,0.1790691614151001
train,68,train/sample_000068.npz,26,40,40,44,10,15,0.5149043654656227,100.0,150.0,0.05449502542614937
train,69,train/sample_000069.npz,36,50,48,56,9,17,0.8809053014577648,90.0,170.0,0.2802545130252838
train,70,train/sample_000070.npz,47,57,15,19,4,9,0.3995100606657695,40.0,90.0,0.10358664393424988
train,71,train/sample_000071.npz,15,27,4,15,8,16,0.4988913107676573,80.0,160.0,0.2141554057598114
train,72,train/sample_000072.npz,6,22,44,54,3,11,0.24156949317208343,30.0,110.0,0.25553154945373535
train,73,train/sample_000073.npz,45,54,39,55,3,9,0.9221225151420938,30.0,90.0,0.7857265472412109
train,74,train/sample_000074.npz,33,40,37,53,14,18,0.7139866207964383,140.0,180.0,0.07376596331596375
train,75,train/sample_000075.npz,42,54,27,41,4,11,0.6113782961523315,40.0,110.0,0.5360826253890991
train,76,train/sample_000076.npz,37,53,19,34,8,15,0.7116506169896881,80.0,150.0,0.43936359882354736
train,77,train/sample_000077.npz,25,32,27,34,4,6,0.5335114948759081,40.0,60.0,0.0971105769276619
train,78,train/sample_000078.npz,27,38,21,28,7,11,0.4619964515300364,70.0,110.0,0.09669838845729828
train,79,train/sample_000079.npz,14,23,17,25,12,15,0.9590863413722723,120.0,150.0,0.06967513263225555
train,80,train/sample_000080.npz,39,51,17,32,9,16,0.6283478318640026,90.0,160.0,0.27540096640586853
train,81,train/sample_000081.npz,11,27,39,54,11,16,0.6261778208525921,110.0,160.0,0.21279966831207275
train,82,train/sample_000082.npz,10,23,38,50,6,8,0.3619236745005747,60.0,80.0,0.0889788269996643
train,83,train/sample_000083.npz,47,58,8,21,14,19,0.6915037924335359,140.0,190.0,0.10911598056554794
train,84,train/sample_000084.npz,30,42,6,11,12,18,0.9487518581605008,120.0,180.0,0.09586790204048157
train,85,train/sample_000085.npz,10,23,46,51,16,24,0.6749456035730833,160.0,240.0,0.05728279799222946
train,86,train/sample_000086.npz,50,59,46,60,13,21,0.40270668307134977,130.0,210.0,0.08759845048189163
train,87,train/sample_000087.npz,26,39,32,43,3,5,0.33703304327423106,30.0,50.0,0.13761836290359497
train,88,train/sample_000088.npz,28,33,25,36,10,12,0.6181054204104983,100.0,120.0,0.032965876162052155
train,89,train/sample_000089.npz,26,39,25,38,13,21,0.6796747532180898,130.0,210.0,0.19348877668380737
train,90,train/sample_000090.npz,46,51,7,23,3,10,0.2701672095286147,30.0,100.0,0.16046194732189178
train,91,train/sample_000091.npz,49,59,39,51,8,15,0.7369851306468742,80.0,150.0,0.27011510729789734
train,92,train/sample_000092.npz,41,54,42,50,15,22,0.4164279527281406,150.0,220.0,0.056174661964178085
train,93,train/sample_000093.npz,16,30,10,18,6,11,0.31822669803375336,60.0,110.0,0.1207498088479042
train,94,train/sample_000094.npz,43,48,19,35,8,13,0.7837485669419024,80.0,130.0,0.15226304531097412
train,95,train/sample_000095.npz,21,27,41,52,16,24,0.5834956512996323,160.0,240.0,0.0508025623857975
train,96,train/sample_000096.npz,2,7,40,48,16,22,0.9609557280030729,160.0,220.0,0.04231514781713486
train,97,train/sample_000097.npz,47,56,37,42,14,17,0.29753734266809007,140.0,170.0,0.010671512223780155
train,98,train/sample_000098.npz,29,39,2,13,12,14,0.5634543694733973,120.0,140.0,0.042329300194978714
train,99,train/sample_000099.npz,48,61,23,37,6,11,0.5538513016543145,60.0,110.0,0.3018198609352112
train,100,train/sample_000100.npz,44,48,44,51,15,20,0.2884707287968884,150.0,200.0,0.008732662536203861
train,101,train/sample_000101.npz,37,46,14,30,15,17,0.8695172637287507,150.0,170.0,0.0564594641327858
train,102,train/sample_000102.npz,3,7,39,44,16,22,0.7201000124470376,160.0,220.0,0.01612517423927784
train,103,train/sample_000103.npz,44,56,3,8,15,21,0.39266244643291764,150.0,210.0,0.028019346296787262
train,104,train/sample_000104.npz,44,53,13,18,13,20,0.9285105817047083,130.0,200.0,0.0712851732969284
train,105,train/sample_000105.npz,2,9,2,14,2,10,0.24132633361151914,20.0,100.0,0.2210378646850586
train,106,train/sample_000106.npz,47,61,13,24,14,22,0.8795270743384584,140.0,220.0,0.20699472725391388
train,107,train/sample_000107.npz,54,61,54,58,14,20,0.8176867192835044,140.0,200.0,0.03174906224012375
train,108,train/sample_000108.npz,22,36,3,16,14,21,0.3614256885752443,140.0,210.0,0.09013454616069794
train,109,train/sample_000109.npz,32,37,43,48,9,15,0.704009475661119,90.0,150.0,0.04973234608769417
train,110,train/sample_000110.npz,47,52,35,50,4,9,0.3544331926951233,40.0,90.0,0.13831134140491486
train,111,train/sample_000111.npz,31,35,54,61,12,14,0.6892348847816556,120.0,140.0,0.014598785899579525
train,112,train/sample_000112.npz,2,12,4,8,11,13,0.9073165690934537,110.0,130.0,0.030695095658302307
train,113,train/sample_000113.npz,21,30,6,19,4,8,0.3468265831042552,40.0,80.0,0.17469799518585205
train,114,train/sample_000114.npz,30,38,37,53,8,14,0.7091266736862216,80.0,140.0,0.23895691335201263
train,115,train/sample_000115.npz,13,28,49,60,4,9,0.4410741060117744,40.0,90.0,0.31150108575820923
train,116,train/sample_000116.npz,15,24,34,45,12,17,0.9524755277564148,120.0,170.0,0.13704490661621094
train,117,train/sample_000117.npz,39,45,24,29,9,14,0.5793349835860946,90.0,140.0,0.04316551610827446
train,118,train/sample_000118.npz,55,60,17,22,4,12,0.4437636830086651,40.0,120.0,0.10508114844560623
train,119,train/sample_000119.npz,22,33,35,44,11,18,0.5294487172684562,110.0,180.0,0.1090942919254303
train,120,train/sample_000120.npz,55,60,32,41,5,12,0.4536327290537903,50.0,120.0,0.12689894437789917
train,121,train/sample_000121.npz,23,38,29,33,8,12,0.3804742945633688,80.0,120.0,0.04896216839551926
train,122,train/sample_000122.npz,35,40,37,48,10,14,0.7183587857609681,100.0,140.0,0.06669607013463974
train,123,train/sample_000123.npz,14,25,40,52,6,12,0.6393155068797436,60.0,120.0,0.31633809208869934
train,124,train/sample_000124.npz,30,36,20,29,11,16,0.6101913956854066,110.0,160.0,0.05746263638138771
train,125,train/sample_000125.npz,8,22,46,59,15,20,0.6029063401464794,150.0,200.0,0.10584721714258194
train,126,train/sample_000126.npz,13,26,18,28,13,16,0.869905889876055,130.0,160.0,0.09377694129943848
train,127,train/sample_000127.npz,4,12,5,15,3,5,0.8735945688315705,30.0,50.0,0.27370598912239075
train,128,train/sample_000128.npz,28,42,21,25,6,8,0.33839555615327505,60.0,80.0,0.035408470779657364
train,129,train/sample_000129.npz,45,58,2,10,13,15,0.8617387396165492,130.0,150.0,0.05346786230802536
train,130,train/sample_000130.npz,36,49,9,24,7,11,0.6806723263560648,70.0,110.0,0.284444659948349
train,131,train/sample_000131.npz,26,38,55,60,7,12,0.9963715780669098,70.0,120.0,0.18940958380699158
train,132,train/sample_000132.npz,42,51,34,48,6,10,0.7643250923872102,60.0,100.0,0.27496105432510376
train,133,train/sample_000133.npz,18,31,2,11,11,19,0.3672461268817932,110.0,190.0,0.09481976181268692
train,134,train/sample_000134.npz,36,49,10,20,4,9,0.8690434324401903,40.0,90.0,0.5391646027565002
train,135,train/sample_000135.npz,11,26,39,55,10,18,0.9922573314610181,100.0,180.0,0.5241739153862
train,136,train/sample_000136.npz,43,55,23,28,8,13,0.26403942691694804,80.0,130.0,0.04216418042778969
train,137,train/sample_000137.npz,24,38,24,37,8,10,0.3205383790505922,80.0,100.0,0.06312455236911774
train,138,train/sample_000138.npz,52,59,4,10,15,18,0.386281827954965,150.0,180.0,0.011559216305613518
train,139,train/sample_000139.npz,56,62,33,40,9,12,0.5946319806805334,90.0,120.0,0.04200003296136856
train,140,train/sample_000140.npz,49,53,49,54,5,8,0.7100709603827673,50.0,80.0,0.06223491206765175
train,141,train/sample_000141.npz,41,52,39,51,12,16,0.24648678537715787,120.0,160.0,0.03854842111468315
train,142,train/sample_000142.npz,44,57,19,27,10,17,0.8755830986297493,100.0,170.0,0.2120305448770523
train,143,train/sample_000143.npz,38,46,45,55,13,18,0.6038331863227985,130.0,180.0,0.06308694183826447
train,144,train/sample_000144.npz,8,17,41,56,10,14,0.47247263647321947,100.0,140.0,0.0960635095834732
train,145,train/sample_000145.npz,27,38,7,17,9,16,0.5188420053612326,90.0,160.0,0.1535867601633072
train,146,train/sample_000146.npz,19,35,10,25,11,17,0.471084508487684,110.0,170.0,0.18291649222373962
train,147,train/sample_000147.npz,34,42,53,59,2,5,0.5585658626054972,20.0,50.0,0.23603478074073792
train,148,train/sample_000148.npz,31,40,2,9,10,12,0.4224176852806511,100.0,120.0,0.02611340582370758
train,149,train/sample_000149.npz,41,47,49,62,11,16,0.6962861677264353,110.0,160.0,0.08974674344062805
train,150,train/sample_000150.npz,31,46,48,58,13,21,0.7765567573746812,130.0,210.0,0.1972024291753769
train,151,train/sample_000151.npz,26,33,41,57,13,19,0.29128325694690976,130.0,190.0,0.04581062123179436
train,152,train/sample_000152.npz,35,45,28,41,8,15,0.7232819275858855,80.0,150.0,0.2821016311645508
train,153,train/sample_000153.npz,10,19,14,30,16,18,0.7870027979503329,160.0,180.0,0.045955803245306015
train,154,train/sample_000154.npz,2,18,7,20,7,13,0.23275756822857582,70.0,130.0,0.13422039151191711
train,155,train/sample_000155.npz,46,56,48,62,9,17,0.5719787649549224,90.0,170.0,0.2217138707637787
train,156,train/sample_000156.npz,5,13,37,53,8,11,0.26785541784946565,80.0,110.0,0.05464179068803787
train,157,train/sample_000157.npz,16,22,48,59,14,19,0.8580664724939453,140.0,190.0,0.06603802740573883
train,158,train/sample_000158.npz,53,60,4,8,7,9,0.2874258328916464,70.0,90.0,0.015047824010252953
train,159,train/sample_000159.npz,31,47,39,51,12,19,0.8923652384445304,120.0,190.0,0.28636425733566284
train,160,train/sample_000160.npz,20,33,4,17,14,18,0.3876281203530389,140.0,180.0,0.059496596455574036
train,161,train/sample_000161.npz,26,31,2,14,14,17,0.6117034736930799,140.0,170.0,0.028364431113004684
train,162,train/sample_000162.npz,43,50,21,33,2,7,0.9165079051069576,20.0,70.0,0.6744999289512634
train,163,train/sample_000163.npz,22,33,43,55,5,8,0.4784251387276115,50.0,80.0,0.1761636584997177
train,164,train/sample_000164.npz,35,49,29,44,6,14,0.5175520541982672,60.0,140.0,0.4138088524341583
train,165,train/sample_000165.npz,50,55,12,19,15,20,0.2678492729886105,150.0,200.0,0.010110191069543362
train,166,train/sample_000166.npz,22,34,44,52,12,17,0.998994696053412,120.0,170.0,0.13860470056533813
train,167,train/sample_000167.npz,28,40,9,16,8,15,0.6598975436984269,80.0,150.0,0.17761428654193878
train,168,train/sample_000168.npz,42,48,28,44,12,19,0.5138952743374352,120.0,190.0,0.08687225729227066
train,169,train/sample_000169.npz,19,29,8,23,9,12,0.4923027705593068,90.0,120.0,0.10043895989656448
train,170,train/sample_000170.npz,33,38,3,7,5,9,0.5626239332001308,50.0,90.0,0.05901024118065834
train,171,train/sample_000171.npz,22,38,22,34,7,15,0.9673674182756609,70.0,150.0,0.6270644068717957
train,172,train/sample_000172.npz,46,62,15,28,10,15,0.9175974390183963,100.0,150.0,0.31414052844047546
train,173,train/sample_000173.npz,48,57,51,58,6,11,0.6236336442280579,60.0,110.0,0.15773232281208038
train,174,train/sample_000174.npz,29,45,33,46,10,13,0.43950663321186045,100.0,130.0,0.1009739562869072
train,175,train/sample_000175.npz,10,25,10,17,6,10,0.899451492232646,60.0,100.0,0.2743975818157196
train,176,train/sample_000176.npz,16,20,44,51,10,12,0.8270592875005709,100.0,120.0,0.024066926911473274
train,177,train/sample_000177.npz,48,60,53,62,9,17,0.7396779815832193,90.0,170.0,0.2323300540447235
train,178,train/sample_000178.npz,16,23,39,53,15,21,0.3481434759628541,150.0,210.0,0.03947152942419052
train,179,train/sample_000179.npz,25,31,34,45,3,7,0.9642795425502488,30.0,70.0,0.4215847849845886
train,180,train/sample_000180.npz,8,22,3,13,8,16,0.9678196178633762,80.0,160.0,0.43040788173675537
train,181,train/sample_000181.npz,4,17,15,20,2,6,0.25242434713470596,20.0,60.0,0.1346558928489685
train,182,train/sample_000182.npz,37,53,18,27,9,12,0.24076838605990886,90.0,120.0,0.04691968858242035
train,183,train/sample_000183.npz,37,52,5,10,7,13,0.7585517804879307,70.0,130.0,0.18744319677352905
train,184,train/sample_000184.npz,27,36,23,29,6,14,0.5332877064553183,60.0,140.0,0.15168513357639313
train,185,train/sample_000185.npz,25,30,51,55,3,7,0.20098645000952653,30.0,70.0,0.03944208845496178
train,186,train/sample_000186.npz,3,8,18,28,9,12,0.5450616161171598,90.0,120.0,0.04412006586790085
train,187,train/sample_000187.npz,28,39,14,28,14,19,0.4579923527741839,140.0,190.0,0.07692309468984604
train,188,train/sample_000188.npz,45,56,38,45,9,17,0.38260230037073645,90.0,170.0,0.08935371786355972
train,189,train/sample_000189.npz,25,38,4,12,15,18,0.568615684191653,150.0,180.0,0.03958914056420326
train,190,train/sample_000190.npz,29,44,4,17,4,7,0.31056429731082463,40.0,70.0,0.16680294275283813
train,191,train/sample_000191.npz,55,59,10,25,2,4,0.22502681032131566,20.0,40.0,0.06532514095306396
train,192,train/sample_000192.npz,28,33,15,20,11,17,0.6553696403445415,110.0,170.0,0.033890921622514725
train,193,train/sample_000193.npz,29,35,2,13,14,20,0.8826955674738934,140.0,200.0,0.07766028493642807
train,194,train/sample_000194.npz,47,57,39,51,4,9,0.8843932334324687,40.0,90.0,0.5250904560089111
train,195,train/sample_000195.npz,32,39,26,33,15,18,0.6827395634666572,150.0,180.0,0.023729274049401283
train,196,train/sample_000196.npz,35,50,38,54,7,9,0.45471929426276775,70.0,90.0,0.12288050353527069
train,197,train/sample_000197.npz,16,27,12,26,11,13,0.5312208750313892,110.0,130.0,0.06015627831220627
train,198,train/sample_000198.npz,44,56,3,11,3,10,0.4771829243257448,30.0,100.0,0.3594815731048584
train,199,train/sample_000199.npz,36,44,43,47,4,10,0.7664729885468704,40.0,100.0,0.18861420452594757
train,200,train/sample_000200.npz,8,15,44,57,6,13,0.6750644384227581,60.0,130.0,0.2686682343482971
train,201,train/sample_000201.npz,38,45,40,45,4,11,0.3383551491536625,40.0,110.0,0.0998588502407074
train,202,train/sample_000202.npz,14,28,2,12,16,18,0.21326384151804556,160.0,180.0,0.01226538885384798
train,203,train/sample_000203.npz,21,32,7,23,10,16,0.9178417598032749,100.0,160.0,0.3117449879646301
train,204,train/sample_000204.npz,11,16,30,45,10,14,0.4185497532007011,100.0,140.0,0.04933323711156845
train,205,train/sample_000205.npz,8,21,18,22,10,15,0.7308968373282816,100.0,150.0,0.07320629060268402
train,206,train/sample_000206.npz,4,20,29,43,2,5,0.3850244317494818,20.0,50.0,0.2976668179035187
train,207,train/sample_000207.npz,30,45,30,45,5,12,0.6428326720716893,50.0,120.0,0.5727995038032532
train,208,train/sample_000208.npz,29,39,39,48,12,19,0.6535502362555095,120.0,190.0,0.10903958976268768
train,209,train/sample_000209.npz,10,17,22,35,16,23,0.6116664415084248,160.0,230.0,0.06570076197385788
train,210,train/sample_000210.npz,18,34,31,35,13,15,0.5263691442884522,130.0,150.0,0.019754115492105484
train,211,train/sample_000211.npz,31,47,24,29,15,22,0.7460652785673763,150.0,220.0,0.07629269361495972
train,212,train/sample_000212.npz,15,25,11,16,16,20,0.3596335943195923,160.0,200.0,0.014287703670561314
train,213,train/sample_000213.npz,13,28,11,26,15,23,0.5758407105398624,150.0,230.0,0.17177973687648773
train,214,train/sample_000214.npz,31,46,20,33,15,21,0.6136155894795434,150.0,210.0,0.1314193457365036
train,215,train/sample_000215.npz,31,36,39,52,12,18,0.6559470549132211,120.0,180.0,0.07099940627813339
train,216,train/sample_000216.npz,38,47,50,55,15,22,0.8384779486546665,150.0,220.0,0.051285270601511
train,217,train/sample_000217.npz,23,33,43,48,5,7,0.21851207566555716,50.0,70.0,0.029325436800718307
train,218,train/sample_000218.npz,46,52,34,50,7,15,0.9100568707904346,70.0,150.0,0.3262462317943573
train,219,train/sample_000219.npz,19,31,33,42,6,12,0.6647914989984406,60.0,120.0,0.2826792597770691
train,220,train/sample_000220.npz,31,40,50,59,11,13,0.5741122053012773,110.0,130.0,0.03808615356683731
train,221,train/sample_000221.npz,22,26,23,29,7,11,0.3048869544209759,70.0,110.0,0.02311989665031433
train,222,train/sample_000222.npz,4,12,20,26,12,16,0.9639187134846461,120.0,160.0,0.060145437717437744
train,223,train/sample_000223.npz,24,37,42,49,3,6,0.904828841534296,30.0,60.0,0.393269419670105
train,224,train/sample_000224.npz,53,61,12,19,5,10,0.6176098410932098,50.0,100.0,0.17622701823711395
train,225,train/sample_000225.npz,9,13,4,14,5,10,0.5851930722610246,50.0,100.0,0.119248166680336
train,226,train/sample_000226.npz,39,44,24,40,11,14,0.2885536592236929,110.0,140.0,0.024686170741915703
train,227,train/sample_000227.npz,18,25,43,50,6,8,0.9013686378116954,60.0,80.0,0.09813237935304642
train,228,train/sample_000228.npz,30,44,47,62,16,18,0.9623993062143852,160.0,180.0,0.0794053003191948
train,229,train/sample_000229.npz,49,60,19,23,4,8,0.6423186032515692,40.0,80.0,0.15497368574142456
train,230,train/sample_000230.npz,40,49,36,41,14,21,0.633891521841764,140.0,210.0,0.043300047516822815
train,231,train/sample_000231.npz,25,35,10,16,5,7,0.8815465262358388,50.0,70.0,0.13709647953510284
train,232,train/sample_000232.npz,41,49,16,27,13,18,0.49700210967062175,130.0,180.0,0.05661951005458832
train,233,train/sample_000233.npz,3,17,42,51,13,15,0.36545082201122536,130.0,150.0,0.026851702481508255
train,234,train/sample_000234.npz,13,24,42,58,3,7,0.28031651651984746,30.0,70.0,0.20740127563476562
train,235,train/sample_000235.npz,34,43,11,18,14,17,0.5308543450479759,140.0,170.0,0.026338880881667137
train,236,train/sample_000236.npz,52,56,38,47,5,8,0.8810677195217631,50.0,80.0,0.12172174453735352
train,237,train/sample_000237.npz,28,39,26,41,7,14,0.3987251230925212,70.0,140.0,0.21514900028705597
train,238,train/sample_000238.npz,3,11,52,59,4,8,0.910391062884464,40.0,80.0,0.2895166575908661
train,239,train/sample_000239.npz,18,22,25,39,9,13,0.6237965329459985,90.0,130.0,0.06525259464979172
train,240,train/sample_000240.npz,20,29,8,18,8,15,0.30053108229482883,80.0,150.0,0.08733062446117401
train,241,train/sample_000241.npz,47,53,44,60,9,11,0.33086150216808796,90.0,110.0,0.03192802146077156
train,242,train/sample_000242.npz,10,18,14,25,5,13,0.22404366300894304,50.0,130.0,0.11446278542280197
train,243,train/sample_000243.npz,2,10,20,25,15,18,0.6865033695316733,150.0,180.0,0.01953306421637535
train,244,train/sample_000244.npz,32,36,29,39,8,16,0.34979115569227326,80.0,160.0,0.051642294973134995
train,245,train/sample_000245.npz,40,54,35,51,14,16,0.575007437611162,140.0,160.0,0.061551015824079514
train,246,train/sample_000246.npz,34,48,21,26,15,22,0.24008535175754703,150.0,220.0,0.021912939846515656
train,247,train/sample_000247.npz,31,47,35,43,13,15,0.8006708677958878,130.0,150.0,0.05850186198949814
train,248,train/sample_000248.npz,12,24,45,59,5,12,0.5503916823362981,50.0,120.0,0.4100605249404907
train,249,train/sample_000249.npz,31,38,50,62,2,9,0.4247171087713241,20.0,90.0,0.3679666817188263
train,250,train/sample_000250.npz,38,53,9,13,8,12,0.3218613681260606,80.0,120.0,0.041419435292482376
train,251,train/sample_000251.npz,9,23,47,59,7,12,0.4553251956864561,70.0,120.0,0.20124700665473938
train,252,train/sample_000252.npz,17,26,33,46,8,15,0.6797562853727923,80.0,150.0,0.2430495172739029
train,253,train/sample_000253.npz,31,35,19,29,16,22,0.3417884009994181,160.0,220.0,0.014897920191287994
train,254,train/sample_000254.npz,34,39,3,15,14,22,0.5597061507381444,140.0,220.0,0.0542890727519989
train,255,train/sample_000255.npz,16,23,47,62,13,20,0.6251310492777951,130.0,200.0,0.10404238104820251
train,256,train/sample_000256.npz,19,32,48,60,6,9,0.4930683908452291,60.0,90.0,0.16829510033130646
train,257,train/sample_000257.npz,44,57,28,41,8,12,0.7758260280172371,80.0,120.0,0.254597008228302
train,258,train/sample_000258.npz,18,29,23,33,15,22,0.7176574385146601,150.0,220.0,0.10278409719467163
train,259,train/sample_000259.npz,26,35,25,33,8,14,0.3006456146498282,80.0,140.0,0.06587975472211838
train,260,train/sample_000260.npz,8,22,38,43,12,16,0.7303277713680763,120.0,160.0,0.062261685729026794
train,261,train/sample_000261.npz,45,52,13,17,6,14,0.82252113803521,60.0,140.0,0.13067643344402313
train,262,train/sample_000262.npz,43,59,32,47,5,12,0.30349024276661957,50.0,120.0,0.27974310517311096
train,263,train/sample_000263.npz,14,29,17,24,4,11,0.7397892378794224,40.0,110.0,0.4606667160987854
train,264,train/sample_000264.npz,46,61,26,41,5,12,0.7611128809947458,50.0,120.0,0.6781936883926392
train,265,train/sample_000265.npz,37,50,13,29,11,17,0.7003825255311491,110.0,170.0,0.24244233965873718
train,266,train/sample_000266.npz,31,35,23,31,16,23,0.7483421766088114,160.0,230.0,0.029512181878089905
train,267,train/sample_000267.npz,37,48,51,55,8,13,0.6881819555465967,80.0,130.0,0.08306042850017548
train,268,train/sample_000268.npz,46,54,46,55,16,19,0.45777253905835064,160.0,190.0,0.020465455949306488
train,269,train/sample_000269.npz,22,37,33,44,9,15,0.4672890135670045,90.0,150.0,0.17275552451610565
train,270,train/sample_000270.npz,46,60,51,58,15,19,0.8746583086095832,150.0,190.0,0.07252032309770584
train,271,train/sample_000271.npz,46,62,36,52,13,15,0.8100720735701126,130.0,150.0,0.10764916241168976
train,272,train/sample_000272.npz,41,46,14,24,8,14,0.7158553554874325,80.0,140.0,0.11138081550598145
train,273,train/sample_000273.npz,24,36,33,40,5,9,0.5279859105800346,50.0,90.0,0.17237430810928345
train,274,train/sample_000274.npz,17,24,49,55,14,20,0.33415961574222475,140.0,200.0,0.01928984932601452
train,275,train/sample_000275.npz,26,34,47,51,7,9,0.8713390929874596,70.0,90.0,0.05070137977600098
train,276,train/sample_000276.npz,34,41,8,13,13,19,0.5120500721252235,130.0,190.0,0.027968596667051315
train,277,train/sample_000277.npz,51,60,8,24,4,8,0.5382402660374348,40.0,80.0,0.29546454548835754
train,278,train/sample_000278.npz,17,26,50,62,15,23,0.25571250927311573,150.0,230.0,0.039365094155073166
train,279,train/sample_000279.npz,13,29,17,22,13,19,0.9078792476050885,130.0,190.0,0.10314814001321793
train,280,train/sample_000280.npz,41,47,42,54,3,8,0.3410851040064607,30.0,80.0,0.17551374435424805
train,281,train/sample_000281.npz,15,21,28,37,10,15,0.7489303324921204,100.0,150.0,0.08159216493368149
train,282,train/sample_000282.npz,3,17,50,62,16,18,0.6131675221085128,160.0,180.0,0.041626255959272385
train,283,train/sample_000283.npz,8,13,56,61,12,18,0.4546611101032163,120.0,180.0,0.020452728495001793
train,284,train/sample_000284.npz,13,20,4,13,8,11,0.7378115449787559,80.0,110.0,0.08931388705968857
train,285,train/sample_000285.npz,34,47,46,54,13,17,0.8569846292782763,130.0,170.0,0.09507794678211212
train,286,train/sample_000286.npz,12,28,40,49,6,10,0.8411115470741783,60.0,100.0,0.32521289587020874
train,287,train/sample_000287.npz,16,22,9,19,15,18,0.9032550237271681,150.0,180.0,0.03772742673754692
train,288,train/sample_000288.npz,16,31,31,36,4,8,0.25401478414993206,40.0,80.0,0.0863666981458664
train,289,train/sample_000289.npz,6,16,26,30,2,5,0.8196991050337838,20.0,50.0,0.28476619720458984
train,290,train/sample_000290.npz,43,48,48,52,11,15,0.3344006788622969,110.0,150.0,0.010464264079928398
train,291,train/sample_000291.npz,17,21,48,53,14,16,0.6311534130113495,140.0,160.0,0.007341977674514055
train,292,train/sample_000292.npz,24,33,20,34,3,5,0.7902380448850983,30.0,50.0,0.2998964488506317
train,293,train/sample_000293.npz,12,23,29,36,13,17,0.8002127903585865,130.0,170.0,0.06789902597665787
train,294,train/sample_000294.npz,21,34,13,23,7,11,0.36670347314801205,70.0,110.0,0.11532670259475708
train,295,train/sample_000295.npz,39,51,6,19,3,11,0.34103309201770415,30.0,110.0,0.3665699362754822
train,296,train/sample_000296.npz,5,11,23,29,14,16,0.9923107658883861,140.0,160.0,0.02040378749370575
train,297,train/sample_000297.npz,10,25,27,32,11,19,0.5143345413576592,110.0,190.0,0.08543051779270172
train,298,train/sample_000298.npz,54,60,42,57,16,24,0.35384054322810643,160.0,240.0,0.040709804743528366
train,299,train/sample_000299.npz,48,60,17,23,11,16,0.7877801046244639,110.0,160.0,0.09497623145580292
train,300,train/sample_000300.npz,23,27,43,54,10,17,0.7684262173941423,100.0,170.0,0.08388543128967285
train,301,train/sample_000301.npz,49,59,36,40,2,7,0.5889536604978205,20.0,70.0,0.26893457770347595
train,302,train/sample_000302.npz,14,26,42,49,8,12,0.861289187726344,80.0,120.0,0.16082176566123962
train,303,train/sample_000303.npz,41,49,15,26,7,10,0.6175347766154028,70.0,100.0,0.11707664281129837
train,304,train/sample_000304.npz,37,43,37,45,10,15,0.2528633687355159,100.0,150.0,0.02475360594689846
train,305,train/sample_000305.npz,33,41,52,56,5,7,0.7170326105828473,50.0,70.0,0.06777545809745789
train,306,train/sample_000306.npz,6,20,27,33,15,22,0.5808734053429285,150.0,220.0,0.06329532712697983
train,307,train/sample_000307.npz,17,31,11,27,2,7,0.668617060123778,20.0,70.0,0.7502212524414062
train,308,train/sample_000308.npz,3,13,13,19,12,16,0.2793255764790515,120.0,160.0,0.02133023738861084
train,309,train/sample_000309.npz,29,38,11,17,8,10,0.3077536199386779,80.0,100.0,0.023434195667505264
train,310,train/sample_000310.npz,18,30,18,33,6,9,0.2442163276009821,60.0,90.0,0.09034986048936844
train,311,train/sample_000311.npz,49,59,34,42,5,9,0.36431223813792535,50.0,90.0,0.1174541786313057
train,312,train/sample_000312.npz,34,48,6,21,15,17,0.28592236503086177,150.0,170.0,0.02614033967256546
train,313,train/sample_000313.npz,25,29,8,13,11,16,0.8819058543442131,110.0,160.0,0.032392699271440506
train,314,train/sample_000314.npz,33,49,27,40,14,16,0.9973417692153228,140.0,160.0,0.10041332244873047
train,315,train/sample_000315.npz,5,14,20,24,8,11,0.9589163989701128,80.0,110.0,0.06887208670377731
train,316,train/sample_000316.npz,53,58,10,21,14,22,0.9829073151203511,140.0,220.0,0.08825504034757614
train,317,train/sample_000317.npz,17,25,51,61,9,14,0.504585888973716,90.0,140.0,0.09120571613311768
train,318,train/sample_000318.npz,24,38,8,17,10,17,0.45686850112948396,100.0,170.0,0.130520299077034
train,319,train/sample_000319.npz,45,51,49,55,3,11,0.6714649329019808,30.0,110.0,0.2794281840324402
train,320,train/sample_000320.npz,23,34,24,32,8,14,0.7065193457157675,80.0,140.0,0.18235079944133759
train,321,train/sample_000321.npz,40,48,19,35,15,22,0.4634099676782157,150.0,220.0,0.07468812167644501
train,322,train/sample_000322.npz,22,29,26,35,10,18,0.7270027278533608,100.0,180.0,0.12371396273374557
train,323,train/sample_000323.npz,53,61,19,30,6,10,0.5028742300477848,60.0,100.0,0.14161626994609833
train,324,train/sample_000324.npz,27,37,42,47,4,8,0.511277369217664,40.0,80.0,0.14311723411083221
train,325,train/sample_000325.npz,36,51,43,49,10,17,0.40593788987629714,100.0,170.0,0.08389125019311905
train,326,train/sample_000326.npz,11,21,30,44,15,23,0.7351581271932637,150.0,230.0,0.14314475655555725
train,327,train/sample_000327.npz,40,56,24,28,16,22,0.9391203204363439,160.0,220.0,0.06229710206389427
train,328,train/sample_000328.npz,30,45,3,14,2,10,0.7443350445359376,20.0,100.0,0.9687432646751404
train,329,train/sample_000329.npz,17,32,39,50,2,4,0.8817162696553453,20.0,40.0,0.450445294380188
train,330,train/sample_000330.npz,26,33,2,12,8,11,0.8293197699948796,80.0,110.0,0.10894045233726501
train,331,train/sample_000331.npz,46,62,21,29,15,23,0.6520623285045645,150.0,230.0,0.11529852449893951
train,332,train/sample_000332.npz,26,30,43,50,4,10,0.5972723830770252,40.0,100.0,0.13412578403949738
train,333,train/sample_000333.npz,6,12,51,61,16,19,0.8845136973619228,160.0,190.0,0.03303775191307068
train,334,train/sample_000334.npz,46,61,50,56,10,18,0.4995711491591502,100.0,180.0,0.1121211051940918
train,335,train/sample_000335.npz,30,35,28,33,14,18,0.6515141442873429,140.0,180.0,0.016831284388899803
train,336,train/sample_000336.npz,46,58,21,37,11,18,0.49598749427775823,110.0,180.0,0.17825758457183838
train,337,train/sample_000337.npz,51,56,43,52,3,5,0.8701734865496329,30.0,50.0,0.1931614875793457
train,338,train/sample_000338.npz,43,47,49,56,6,12,0.21917628442236436,60.0,120.0,0.030178796499967575
train,339,train/sample_000339.npz,21,37,37,47,8,13,0.3307133601195636,80.0,130.0,0.11930810660123825
train,340,train/sample_000340.npz,40,52,32,44,7,9,0.23207600789822075,70.0,90.0,0.0457032173871994
train,341,train/sample_000341.npz,48,59,12,22,9,17,0.3116989233432966,90.0,170.0,0.09990789741277695
train,342,train/sample_000342.npz,11,22,7,13,7,12,0.9578558365836836,70.0,120.0,0.20212484896183014
train,343,train/sample_000343.npz,24,30,52,61,14,17,0.2645882240021913,140.0,170.0,0.01130878459662199
train,344,train/sample_000344.npz,46,57,33,45,15,23,0.5432208970859302,150.0,230.0,0.10081745684146881
train,345,train/sample_000345.npz,13,18,29,38,2,6,0.994834397429478,20.0,60.0,0.46955570578575134
train,346,train/sample_000346.npz,12,22,33,49,2,8,0.44141189335754466,20.0,80.0,0.47865983843803406
train,347,train/sample_000347.npz,17,27,45,60,2,6,0.8699805950302215,20.0,60.0,0.7216792106628418
train,348,train/sample_000348.npz,2,17,48,53,2,5,0.32460613677966355,20.0,50.0,0.14952777326107025
train,349,train/sample_000349.npz,43,56,30,40,15,17,0.5177866411782592,150.0,170.0,0.03115888684988022
train,350,train/sample_000350.npz,10,24,52,61,2,10,0.44852334806486627,20.0,100.0,0.5098689794540405
train,351,train/sample_000351.npz,11,25,55,61,6,11,0.27542884279040564,60.0,110.0,0.08160178363323212
train,352,train/sample_000352.npz,28,40,40,55,12,14,0.9807180322943172,120.0,140.0,0.11070659756660461
train,353,train/sample_000353.npz,32,44,7,21,16,20,0.8366308521335761,160.0,200.0,0.10341004282236099
train,354,train/sample_000354.npz,54,61,46,57,10,14,0.9774430549173692,100.0,140.0,0.12460039556026459
train,355,train/sample_000355.npz,25,34,23,36,9,16,0.5090731657785454,90.0,160.0,0.15748330950737
train,356,train/sample_000356.npz,8,15,6,14,7,10,0.2619488682083506,70.0,100.0,0.03477149084210396
train,357,train/sample_000357.npz,11,22,45,59,8,15,0.689776806875162,80.0,150.0,0.3071187436580658
train,358,train/sample_000358.npz,50,55,13,17,4,8,0.9805888195117285,40.0,80.0,0.13767391443252563
train,359,train/sample_000359.npz,33,47,53,59,9,13,0.9817541839314858,90.0,130.0,0.15120035409927368
train,360,train/sample_000360.npz,22,26,10,17,2,7,0.25066278296204647,20.0,70.0,0.09748342633247375
train,361,train/sample_000361.npz,22,27,52,58,10,13,0.629775106955472,100.0,130.0,0.027400996536016464
train,362,train/sample_000362.npz,26,38,41,53,5,12,0.6942311268044665,50.0,120.0,0.47044241428375244
train,363,train/sample_000363.npz,8,20,18,33,16,22,0.2724632468283515,160.0,220.0,0.0492476187646389
train,364,train/sample_000364.npz,33,43,54,60,8,12,0.5026478578987322,80.0,120.0,0.07078740000724792
train,365,train/sample_000365.npz,24,32,10,24,10,12,0.4565872951627613,100.0,120.0,0.04503989964723587
train,366,train/sample_000366.npz,10,16,23,35,12,15,0.38291648212969176,120.0,150.0,0.027227874845266342
train,367,train/sample_000367.npz,36,49,46,59,4,12,0.3503228632291814,40.0,120.0,0.333315372467041
train,368,train/sample_000368.npz,26,40,31,36,9,15,0.6065543318225959,90.0,150.0,0.10440845042467117
train,369,train/sample_000369.npz,6,22,27,36,16,19,0.5823572645918649,160.0,190.0,0.04860939085483551
train,370,train/sample_000370.npz,35,50,32,41,3,11,0.38237421777854597,30.0,110.0,0.36973047256469727
train,371,train/sample_000371.npz,30,43,50,62,2,8,0.5752040632101378,20.0,80.0,0.6350880861282349
train,372,train/sample_000372.npz,38,48,4,19,9,12,0.8577708368750456,90.0,120.0,0.17500127851963043
train,373,train/sample_000373.npz,45,58,22,34,13,20,0.7103493953973159,130.0,200.0,0.17223595082759857
train,374,train/sample_000374.npz,18,24,17,32,11,18,0.7300236754929599,110.0,180.0,0.13262753188610077
train,375,train/sample_000375.npz,35,49,20,32,16,24,0.540065414011305,160.0,240.0,0.11306930333375931
train,376,train/sample_000376.npz,4,16,36,50,9,13,0.5677675715628736,90.0,130.0,0.15987342596054077
train,377,train/sample_000377.npz,19,29,9,15,13,19,0.3588669308250465,130.0,190.0,0.032515306025743484
train,378,train/sample_000378.npz,13,21,45,57,13,15,0.41806919793271335,130.0,150.0,0.024227522313594818
train,379,train/sample_000379.npz,42,53,10,15,16,18,0.35813358580371163,160.0,180.0,0.008592911064624786
train,380,train/sample_000380.npz,11,20,49,56,9,13,0.8084368181838937,90.0,130.0,0.10186154395341873
train,381,train/sample_000381.npz,43,49,19,32,4,11,0.5827239408693423,40.0,110.0,0.29686906933784485
train,382,train/sample_000382.npz,13,27,19,24,6,10,0.30182095866323144,60.0,100.0,0.06573548913002014
train,383,train/sample_000383.npz,9,22,5,16,12,19,0.5848984814105198,120.0,190.0,0.14720459282398224
train,384,train/sample_000384.npz,7,14,40,54,13,19,0.5585925065364856,130.0,190.0,0.07881075143814087
train,385,train/sample_000385.npz,19,28,18,32,5,8,0.34108446113424107,50.0,80.0,0.11930283904075623
train,386,train/sample_000386.npz,40,47,14,24,7,11,0.8014245673846252,70.0,110.0,0.15590231120586395
train,387,train/sample_000387.npz,22,28,8,16,6,9,0.551057361441559,60.0,90.0,0.0788680911064148
train,388,train/sample_000388.npz,45,58,14,21,7,15,0.8105243918559204,70.0,150.0,0.2928832769393921
train,389,train/sample_000389.npz,37,41,30,46,9,13,0.8937378212853648,90.0,130.0,0.1023232489824295
train,390,train/sample_000390.npz,23,35,42,58,11,16,0.9268865972445137,110.0,160.0,0.2627081274986267
train,391,train/sample_000391.npz,40,50,5,19,8,12,0.21264444435210708,80.0,120.0,0.05988932400941849
train,392,train/sample_000392.npz,26,37,22,32,9,14,0.6545338810330916,90.0,140.0,0.1555519551038742
train,393,train/sample_000393.npz,49,62,7,18,14,20,0.3801421328844364,140.0,200.0,0.0687120109796524
train,394,train/sample_000394.npz,44,50,48,62,14,16,0.8983296131096674,140.0,160.0,0.03985968604683876
train,395,train/sample_000395.npz,9,14,20,35,6,9,0.41446808385644085,60.0,90.0,0.07629513740539551
train,396,train/sample_000396.npz,22,36,19,30,16,22,0.6456014255051602,160.0,220.0,0.10147689282894135
train,397,train/sample_000397.npz,13,24,12,19,4,7,0.24635627563050397,40.0,70.0,0.0788801833987236
train,398,train/sample_000398.npz,4,16,39,55,8,15,0.745063578151753,80.0,150.0,0.38907483220100403
train,399,train/sample_000399.npz,13,25,46,52,4,11,0.4117693684956299,40.0,110.0,0.20057588815689087
train,400,train/sample_000400.npz,15,30,33,48,4,11,0.8515791008247471,40.0,110.0,0.8778448700904846
train,401,train/sample_000401.npz,19,28,54,61,6,14,0.41167808427692665,60.0,140.0,0.13462947309017181
train,402,train/sample_000402.npz,41,45,15,24,8,16,0.8206328691496725,80.0,160.0,0.11116762459278107
train,403,train/sample_000403.npz,38,49,41,55,7,13,0.3704599475192019,70.0,130.0,0.17344367504119873
train,404,train/sample_000404.npz,19,31,58,62,10,16,0.2309154478615077,100.0,160.0,0.0245207492262125
train,405,train/sample_000405.npz,42,48,46,52,9,17,0.2712336040600426,90.0,170.0,0.03182312846183777
train,406,train/sample_000406.npz,10,15,21,30,13,17,0.3510691363805112,130.0,170.0,0.01799768954515457
train,407,train/sample_000407.npz,25,31,28,34,8,13,0.8894515342528113,80.0,130.0,0.09354697912931442
train,408,train/sample_000408.npz,8,18,50,62,12,19,0.529474752240779,120.0,190.0,0.114024318754673
train,409,train/sample_000409.npz,5,17,14,23,15,18,0.7838521970422934,150.0,180.0,0.056843120604753494
train,410,train/sample_000410.npz,25,30,24,37,3,11,0.36044997705724324,30.0,110.0,0.20979498326778412
train,411,train/sample_000411.npz,15,21,17,23,8,12,0.8368483581006967,80.0,120.0,0.0758749321103096
train,412,train/sample_000412.npz,37,43,14,29,14,19,0.4193075149508867,140.0,190.0,0.04217495024204254
train,413,train/sample_000413.npz,3,8,52,59,4,7,0.5216382385256555,40.0,70.0,0.09765781462192535
train,414,train/sample_000414.npz,30,46,23,29,14,18,0.22809344888773328,140.0,180.0,0.020291276276111603
train,415,train/sample_000415.npz,26,31,45,51,11,18,0.36874751079097035,110.0,180.0,0.025023149326443672
train,416,train/sample_000416.npz,14,23,41,56,14,20,0.38212891743937133,140.0,200.0,0.06486810743808746
train,417,train/sample_000417.npz,29,39,19,23,15,23,0.6951331049388207,150.0,230.0,0.04114050418138504
train,418,train/sample_000418.npz,8,18,39,52,3,9,0.9508091671688528,30.0,90.0,0.794049084186554
train,419,train/sample_000419.npz,5,10,44,57,8,16,0.6219661040580472,80.0,160.0,0.14038977026939392
train,420,train/sample_000420.npz,9,25,37,50,14,16,0.4302839008385232,140.0,160.0,0.043321393430233
train,421,train/sample_000421.npz,18,27,30,35,5,13,0.6042215378344766,50.0,130.0,0.1797623634338379
train,422,train/sample_000422.npz,44,54,41,52,7,15,0.9305230002777662,70.0,150.0,0.4021017551422119
train,423,train/sample_000423.npz,15,29,38,45,13,20,0.618472399423452,130.0,200.0,0.0971183031797409
train,424,train/sample_000424.npz,23,37,54,60,13,17,0.7774690657868908,130.0,170.0,0.06970788538455963
train,425,train/sample_000425.npz,20,34,18,33,16,19,0.7105788423410695,160.0,190.0,0.08391901850700378
train,426,train/sample_000426.npz,12,24,6,16,16,18,0.5298999314377797,160.0,180.0,0.0266281645745039
train,427,train/sample_000427.npz,27,39,38,53,6,8,0.5062265302242046,60.0,80.0,0.13442444801330566
train,428,train/sample_000428.npz,40,51,15,31,15,20,0.8161544908302842,150.0,200.0,0.13809680938720703
train,429,train/sample_000429.npz,18,24,36,44,11,14,0.8636763272685639,110.0,140.0,0.049638886004686356
train,430,train/sample_000430.npz,43,59,42,46,5,10,0.6508185895756299,50.0,100.0,0.17216554284095764
train,431,train/sample_000431.npz,24,35,19,29,2,7,0.8920801855285188,20.0,70.0,0.7677329778671265
train,432,train/sample_000432.npz,21,34,55,59,7,14,0.2407045876360117,70.0,140.0,0.04781612753868103
train,433,train/sample_000433.npz,29,37,43,56,5,10,0.7968543831674921,50.0,100.0,0.348465234041214
train,434,train/sample_000434.npz,28,41,26,41,5,9,0.8234159548598405,50.0,90.0,0.4670507311820984
train,435,train/sample_000435.npz,21,35,3,10,5,12,0.9668122351803619,50.0,120.0,0.48083633184432983
train,436,train/sample_000436.npz,21,30,37,50,11,13,0.6252903349563514,110.0,130.0,0.05635349079966545
train,437,train/sample_000437.npz,5,10,34,44,8,10,0.36122798031390657,80.0,100.0,0.02528827264904976
train,438,train/sample_000438.npz,5,9,18,33,14,21,0.6628874374500195,140.0,210.0,0.057227492332458496
train,439,train/sample_000439.npz,11,16,52,57,16,19,0.9375180051993603,160.0,190.0,0.015124479308724403
train,440,train/sample_000440.npz,15,29,13,21,4,11,0.2720011128360719,40.0,110.0,0.18083064258098602
train,441,train/sample_000441.npz,5,11,57,62,3,7,0.2592461466952589,30.0,70.0,0.06982558965682983
train,442,train/sample_000442.npz,43,47,34,39,14,19,0.819533763655466,140.0,190.0,0.02013610675930977
train,443,train/sample_000443.npz,19,23,33,45,15,19,0.6177000743225207,150.0,190.0,0.0259080957621336
train,444,train/sample_000444.npz,33,49,18,31,8,12,0.5741219619601701,80.0,120.0,0.21622741222381592
train,445,train/sample_000445.npz,46,50,16,22,13,17,0.322825237069638,130.0,170.0,0.00905834510922432
train,446,train/sample_000446.npz,35,48,19,26,14,21,0.7488398956047202,140.0,210.0,0.09889604896306992
train,447,train/sample_000447.npz,45,57,37,52,3,11,0.44613237310322407,30.0,110.0,0.5126228332519531
train,448,train/sample_000448.npz,33,46,52,58,12,17,0.43601536696991633,120.0,170.0,0.04935251548886299
train,449,train/sample_000449.npz,17,33,29,40,6,9,0.6974896245234725,60.0,90.0,0.2518651485443115
train,450,train/sample_000450.npz,50,59,8,19,11,14,0.7548323756693758,110.0,140.0,0.08358990401029587
train,451,train/sample_000451.npz,31,43,5,17,12,17,0.5574710739313221,120.0,170.0,0.11121147871017456
train,452,train/sample_000452.npz,58,62,13,22,3,8,0.5527701054384294,30.0,80.0,0.1779632419347763
train,453,train/sample_000453.npz,41,55,41,54,5,12,0.6366386285915708,50.0,120.0,0.5002604126930237
train,454,train/sample_000454.npz,32,36,25,38,9,17,0.6957755115037122,90.0,170.0,0.10869265347719193
train,455,train/sample_000455.npz,48,61,25,41,9,17,0.6815975708220237,90.0,170.0,0.36271896958351135
train,456,train/sample_000456.npz,20,36,26,39,3,5,0.5852732713648348,30.0,50.0,0.2714403569698334
train,457,train/sample_000457.npz,30,40,23,38,9,13,0.9697599908277617,90.0,130.0,0.2475910782814026
train,458,train/sample_000458.npz,23,33,13,22,4,10,0.2761500306695793,40.0,100.0,0.15301936864852905
train,459,train/sample_000459.npz,20,31,45,49,8,14,0.7867731542398688,80.0,140.0,0.10657105594873428
train,460,train/sample_000460.npz,48,61,10,14,10,13,0.952861027811758,100.0,130.0,0.06505115330219269
train,461,train/sample_000461.npz,10,26,19,25,11,15,0.7132490607714819,110.0,150.0,0.09114424139261246
train,462,train/sample_000462.npz,10,18,13,22,13,17,0.9246334823314082,130.0,170.0,0.07417014986276627
train,463,train/sample_000463.npz,24,40,45,55,13,16,0.999062888763844,130.0,160.0,0.12713338434696198
train,464,train/sample_000464.npz,18,32,15,21,6,13,0.41029706572782615,60.0,130.0,0.14843040704727173
train,465,train/sample_000465.npz,2,14,51,62,16,23,0.6214185850898462,160.0,230.0,0.09526116400957108
train,466,train/sample_000466.npz,23,31,47,59,14,21,0.36308850186363517,140.0,210.0,0.05065297707915306
train,467,train/sample_000467.npz,13,21,17,27,14,20,0.5518472339843734,140.0,200.0,0.05859152600169182
train,468,train/sample_000468.npz,51,58,42,58,16,21,0.8387586758624461,160.0,210.0,0.0838339626789093
train,469,train/sample_000469.npz,30,46,31,38,6,8,0.6486218996496098,60.0,80.0,0.11961447447538376
train,470,train/sample_000470.npz,24,30,22,32,11,17,0.7993393258524264,110.0,170.0,0.09355059266090393
train,471,train/sample_000471.npz,26,40,8,16,6,10,0.3509697680231354,60.0,100.0,0.11459831148386002
train,472,train/sample_000472.npz,4,14,12,27,8,16,0.8074728800179101,80.0,160.0,0.3776156008243561
train,473,train/sample_000473.npz,45,61,17,28,2,5,0.34160112889707284,20.0,50.0,0.24416334927082062
train,474,train/sample_000474.npz,39,46,5,17,6,14,0.2439479913581354,60.0,140.0,0.09853753447532654
train,475,train/sample_000475.npz,3,19,44,55,2,9,0.3243176954058205,20.0,90.0,0.40278393030166626
train,476,train/sample_000476.npz,36,46,24,35,8,11,0.2574377138880367,80.0,110.0,0.049125902354717255
train,477,train/sample_000477.npz,8,17,2,16,15,21,0.3428833405576942,150.0,210.0,0.04939188435673714
train,478,train/sample_000478.npz,36,47,8,23,10,14,0.3622323620873271,100.0,140.0,0.08751050382852554
train,479,train/sample_000479.npz,11,25,31,43,12,14,0.9625187039300207,120.0,140.0,0.1028815433382988
train,480,train/sample_000480.npz,44,59,26,36,6,11,0.4877330349332888,60.0,110.0,0.23008812963962555
train,481,train/sample_000481.npz,7,20,21,27,2,9,0.7691274781677939,20.0,90.0,0.6147119402885437
train,482,train/sample_000482.npz,30,38,38,42,8,12,0.6883232873394458,80.0,120.0,0.05501731112599373
train,483,train/sample_000483.npz,12,24,35,49,14,19,0.28223815691579957,140.0,190.0,0.051178447902202606
train,484,train/sample_000484.npz,33,48,14,24,11,17,0.23404145411742122,110.0,170.0,0.061573997139930725
train,485,train/sample_000485.npz,9,24,24,30,8,14,0.3413335850617293,80.0,140.0,0.08502844721078873
train,486,train/sample_000486.npz,26,31,11,25,15,20,0.9436583324537773,150.0,200.0,0.0672648549079895
train,487,train/sample_000487.npz,28,38,56,60,15,19,0.20964149041274016,150.0,190.0,0.007456949446350336
train,488,train/sample_000488.npz,11,26,45,58,16,23,0.9765681289569705,160.0,230.0,0.2128167748451233
train,489,train/sample_000489.npz,5,11,44,55,3,10,0.6910626046472093,30.0,100.0,0.4042913615703583
train,490,train/sample_000490.npz,30,46,30,41,8,13,0.3228638232688916,80.0,130.0,0.12607373297214508
train,491,train/sample_000491.npz,36,48,37,50,3,9,0.8791827380998833,30.0,90.0,0.8112003207206726
train,492,train/sample_000492.npz,29,39,17,27,9,16,0.97556686698047,90.0,160.0,0.2661283314228058
train,493,train/sample_000493.npz,56,61,10,23,7,9,0.3756636737616731,70.0,90.0,0.03828075900673866
train,494,train/sample_000494.npz,27,40,39,49,16,22,0.3721949985433199,160.0,220.0,0.05014266073703766
train,495,train/sample_000495.npz,10,26,41,56,7,13,0.39335967838490477,70.0,130.0,0.24999138712882996
train,496,train/sample_000496.npz,8,19,14,26,15,20,0.754341272468684,150.0,200.0,0.0995820164680481
train,497,train/sample_000497.npz,24,36,5,21,4,9,0.7393561539558531,40.0,90.0,0.5627785325050354
train,498,train/sample_000498.npz,21,36,27,35,3,7,0.8030165437151646,30.0,70.0,0.4826531708240509
train,499,train/sample_000499.npz,3,8,47,54,7,12,0.6160575298091905,70.0,120.0,0.076678566634655
train,500,train/sample_000500.npz,44,52,46,60,8,10,0.7206356717741895,80.0,100.0,0.09711501002311707
train,501,train/sample_000501.npz,39,45,29,34,15,19,0.313311174378324,150.0,190.0,0.008561677299439907
train,502,train/sample_000502.npz,9,16,4,9,12,15,0.42927501193105067,120.0,150.0,0.01589195430278778
train,503,train/sample_000503.npz,37,46,25,30,8,11,0.6175011477510848,80.0,110.0,0.05500306934118271
train,504,train/sample_000504.npz,39,46,35,42,2,6,0.4989744023058811,20.0,60.0,0.257793128490448
train,505,train/sample_000505.npz,23,31,2,14,3,10,0.39863539830823425,30.0,100.0,0.300308495759964
train,506,train/sample_000506.npz,42,50,44,53,7,11,0.5022701153542593,70.0,110.0,0.10081422328948975
train,507,train/sample_000507.npz,8,23,3,13,10,13,0.6121067014769512,100.0,130.0,0.10848637670278549
train,508,train/sample_000508.npz,37,50,7,15,8,15,0.8262564525189162,80.0,150.0,0.26598411798477173
train,509,train/sample_000509.npz,48,62,29,45,2,6,0.8110752538306865,20.0,60.0,0.7793600559234619
train,510,train/sample_000510.npz,25,40,36,43,13,20,0.943330105816856,130.0,200.0,0.15700118243694305
train,511,train/sample_000511.npz,18,34,22,38,2,9,0.6375902300625746,20.0,90.0,0.9257969260215759
train,512,train/sample_000512.npz,6,16,57,62,7,14,0.21298436507397717,70.0,140.0,0.043159808963537216
train,513,train/sample_000513.npz,30,35,18,27,14,16,0.5838388022041228,140.0,160.0,0.01478959433734417
train,514,train/sample_000514.npz,3,8,7,23,9,13,0.24137719333311286,90.0,130.0,0.03434893488883972
train,515,train/sample_000515.npz,39,52,24,40,5,13,0.2725614128719749,50.0,130.0,0.24893182516098022
train,516,train/sample_000516.npz,38,49,28,37,15,17,0.9769081214418625,150.0,170.0,0.04611436277627945
train,517,train/sample_000517.npz,34,50,48,55,9,17,0.5586018836429951,90.0,170.0,0.17357401549816132
train,518,train/sample_000518.npz,50,55,23,30,14,18,0.6245786328481873,140.0,180.0,0.022328894585371017
train,519,train/sample_000519.npz,34,49,15,31,4,7,0.22485568005587198,40.0,70.0,0.13187706470489502
train,520,train/sample_000520.npz,39,48,37,46,5,10,0.3450571670126819,50.0,100.0,0.130707249045372
train,521,train/sample_000521.npz,27,37,19,31,5,9,0.479088521637118,50.0,90.0,0.2033330649137497
train,522,train/sample_000522.npz,37,44,19,32,8,13,0.88209817523156,80.0,130.0,0.20414882898330688
train,523,train/sample_000523.npz,4,8,47,58,5,8,0.4741202368269125,50.0,80.0,0.0741749256849289
train,524,train/sample_000524.npz,28,41,9,13,9,14,0.3907731549725941,90.0,140.0,0.04545319825410843
train,525,train/sample_000525.npz,16,28,40,53,3,7,0.9495258305047629,30.0,70.0,0.6786946058273315
train,526,train/sample_000526.npz,24,30,37,48,12,15,0.9942463658163561,120.0,150.0,0.06577672064304352
train,527,train/sample_000527.npz,7,17,29,37,4,9,0.6265998478653666,40.0,90.0,0.2878841459751129
train,528,train/sample_000528.npz,18,32,2,8,11,16,0.9421347219633773,110.0,160.0,0.12861289083957672
train,529,train/sample_000529.npz,49,60,7,14,2,5,0.3921991586237134,20.0,50.0,0.2067747861146927
train,530,train/sample_000530.npz,20,28,17,24,2,9,0.3543533891947857,20.0,90.0,0.25305816531181335
train,531,train/sample_000531.npz,47,62,19,27,7,11,0.46233910682456325,70.0,110.0,0.13262251019477844
train,532,train/sample_000532.npz,13,21,13,18,2,8,0.8053195419332924,20.0,80.0,0.431932657957077
train,533,train/sample_000533.npz,4,15,24,40,15,19,0.6254590846223473,150.0,190.0,0.08859854936599731
train,534,train/sample_000534.npz,5,21,42,50,13,15,0.8754178860659556,130.0,150.0,0.06396333128213882
train,535,train/sample_000535.npz,8,18,37,52,8,11,0.845118983036703,80.0,110.0,0.20000839233398438
train,536,train/sample_000536.npz,25,38,7,15,15,17,0.9954153433306263,150.0,170.0,0.0486740842461586
train,537,train/sample_000537.npz,16,25,32,46,3,5,0.22734352874260813,30.0,50.0,0.08627718687057495
train,538,train/sample_000538.npz,41,53,30,44,13,20,0.8854883135332565,130.0,200.0,0.2284499704837799
train,539,train/sample_000539.npz,53,61,25,30,6,13,0.23396636226247863,60.0,130.0,0.04806695505976677
train,540,train/sample_000540.npz,49,61,22,31,5,10,0.5400821055938452,50.0,100.0,0.246895894408226
train,541,train/sample_000541.npz,51,55,43,58,6,9,0.5407767718502794,60.0,90.0,0.08053315430879593
train,542,train/sample_000542.npz,4,17,24,32,9,16,0.40589785044411686,90.0,160.0,0.11283771693706512
train,543,train/sample_000543.npz,42,50,19,29,4,6,0.6526321754992725,40.0,60.0,0.15990348160266876
train,544,train/sample_000544.npz,50,61,15,24,14,19,0.9758172630648081,140.0,190.0,0.11057876795530319
train,545,train/sample_000545.npz,34,38,41,55,16,21,0.31368314068131414,160.0,210.0,0.016150593757629395
train,546,train/sample_000546.npz,12,28,43,53,4,9,0.6673297193466368,40.0,90.0,0.45410844683647156
train,547,train/sample_000547.npz,51,59,8,15,15,18,0.6510899227770512,150.0,180.0,0.02566106989979744
train,548,train/sample_000548.npz,19,27,30,43,2,5,0.8527209723704754,20.0,50.0,0.5027046203613281
train,549,train/sample_000549.npz,18,22,16,20,9,14,0.7303395612295367,90.0,140.0,0.029769569635391235
train,550,train/sample_000550.npz,15,23,52,57,16,20,0.3487795359005673,160.0,200.0,0.011233199387788773
train,551,train/sample_000551.npz,20,27,40,48,10,12,0.5541248121282065,100.0,120.0,0.030838023871183395
train,552,train/sample_000552.npz,38,48,56,62,3,9,0.5642816971547898,30.0,90.0,0.29179516434669495
train,553,train/sample_000553.npz,42,50,44,59,9,12,0.2702075062172405,90.0,120.0,0.04551833122968674
train,554,train/sample_000554.npz,32,47,55,60,15,21,0.4517739579722907,150.0,210.0,0.03919824957847595
train,555,train/sample_000555.npz,41,49,24,32,8,14,0.35203617276767735,80.0,140.0,0.06954261660575867
train,556,train/sample_000556.npz,25,36,34,49,5,13,0.25372454218797835,50.0,130.0,0.20017214119434357
train,557,train/sample_000557.npz,7,18,21,25,11,13,0.7243675141760011,110.0,130.0,0.02659645676612854
train,558,train/sample_000558.npz,48,57,43,48,16,23,0.9010137864206393,160.0,230.0,0.04963015392422676
train,559,train/sample_000559.npz,49,59,22,27,6,13,0.6297381186614548,60.0,130.0,0.15406440198421478
train,560,train/sample_000560.npz,25,35,21,28,2,9,0.40363945170182575,20.0,90.0,0.32332122325897217
train,561,train/sample_000561.npz,36,48,15,24,4,7,0.701561872345815,40.0,70.0,0.27773571014404297
train,562,train/sample_000562.npz,38,46,29,38,7,10,0.8174884326751406,70.0,100.0,0.13340431451797485
train,563,train/sample_000563.npz,17,21,53,61,10,14,0.6175840912944406,100.0,140.0,0.034975145012140274
train,564,train/sample_000564.npz,21,26,4,19,13,21,0.5432790971754056,130.0,210.0,0.07133655995130539
train,565,train/sample_000565.npz,38,54,24,37,16,21,0.27422836330139155,160.0,210.0,0.04891115799546242
train,566,train/sample_000566.npz,38,47,39,50,3,5,0.6061415979694222,30.0,50.0,0.2121611386537552
train,567,train/sample_000567.npz,35,40,32,45,15,22,0.6899514634025452,150.0,220.0,0.05906962230801582
train,568,train/sample_000568.npz,29,38,43,56,14,20,0.22914415654630665,140.0,200.0,0.03444075211882591
train,569,train/sample_000569.npz,10,15,45,56,5,11,0.718718148162689,50.0,110.0,0.21326994895935059
train,570,train/sample_000570.npz,47,57,19,28,4,6,0.7630221556321797,40.0,60.0,0.20216739177703857
train,571,train/sample_000571.npz,28,36,50,56,3,9,0.8113682796640935,30.0,90.0,0.36820489168167114
train,572,train/sample_000572.npz,12,17,55,61,6,9,0.766547589407294,60.0,90.0,0.07412397116422653
train,573,train/sample_000573.npz,32,43,16,27,6,9,0.23161889495218438,60.0,90.0,0.06735266000032425
train,574,train/sample_000574.npz,53,57,2,15,2,8,0.7835960702887834,20.0,80.0,0.4270237684249878
train,575,train/sample_000575.npz,11,27,23,39,13,17,0.5888361996486984,130.0,170.0,0.14159515500068665
train,576,train/sample_000576.npz,38,53,29,38,6,8,0.544920765712892,60.0,80.0,0.11905955523252487
train,577,train/sample_000577.npz,35,42,51,62,15,21,0.2629946319063337,150.0,210.0,0.024087252095341682
train,578,train/sample_000578.npz,41,50,20,29,4,6,0.42997841483873844,40.0,60.0,0.10778480023145676
train,579,train/sample_000579.npz,46,53,29,35,13,15,0.9353964657737805,130.0,150.0,0.025463178753852844
train,580,train/sample_000580.npz,3,17,24,28,3,11,0.2642218563232297,30.0,110.0,0.1293984055519104
train,581,train/sample_000581.npz,19,26,13,20,16,20,0.35849419312967257,160.0,200.0,0.014109935611486435
train,582,train/sample_000582.npz,48,53,31,42,9,13,0.5013882225668373,90.0,130.0,0.054484833031892776
train,583,train/sample_000583.npz,41,49,22,36,4,8,0.7518094787552696,40.0,80.0,0.35870784521102905
train,584,train/sample_000584.npz,32,38,28,43,7,14,0.25531195600580925,70.0,140.0,0.08167030662298203
train,585,train/sample_000585.npz,29,37,42,48,3,9,0.4304479749777126,30.0,90.0,0.19534045457839966
train,586,train/sample_000586.npz,58,62,43,56,2,4,0.8684241584888734,20.0,40.0,0.2463189959526062
train,587,train/sample_000587.npz,52,56,5,10,2,6,0.8829041385173872,20.0,60.0,0.25524571537971497
train,588,train/sample_000588.npz,38,51,25,32,10,15,0.8364204209828816,100.0,150.0,0.1432889997959137
train,589,train/sample_000589.npz,42,57,52,62,9,11,0.3201036453994057,90.0,110.0,0.04655762389302254
train,590,train/sample_000590.npz,16,27,24,38,2,10,0.909067859146419,20.0,100.0,1.151738166809082
train,591,train/sample_000591.npz,44,49,14,26,12,20,0.5348598330891634,120.0,200.0,0.06528520584106445
train,592,train/sample_000592.npz,17,21,26,34,9,13,0.4615186815015915,90.0,130.0,0.030835287645459175
train,593,train/sample_000593.npz,43,56,21,28,5,12,0.31995318234724857,50.0,120.0,0.15283669531345367
train,594,train/sample_000594.npz,28,42,8,23,11,14,0.7550874673672012,110.0,140.0,0.15465743839740753
train,595,train/sample_000595.npz,21,37,8,23,5,7,0.20689380570700167,50.0,70.0,0.07473484426736832
train,596,train/sample_000596.npz,11,16,58,62,13,17,0.2359042579810213,130.0,170.0,0.005558723583817482
train,597,train/sample_000597.npz,47,55,30,43,3,5,0.8048602259425903,30.0,50.0,0.27895060181617737
train,598,train/sample_000598.npz,16,30,33,41,2,7,0.9929957025120222,20.0,70.0,0.826513409614563
train,599,train/sample_000599.npz,24,40,8,15,4,8,0.6442044959200449,40.0,80.0,0.29492515325546265
train,600,train/sample_000600.npz,36,47,39,50,13,16,0.9140331958360697,130.0,160.0,0.09305890649557114
train,601,train/sample_000601.npz,29,38,28,42,5,8,0.437929567274864,50.0,80.0,0.15317684412002563
train,602,train/sample_000602.npz,26,41,38,46,15,20,0.9796723306008848,150.0,200.0,0.11666867882013321
train,603,train/sample_000603.npz,48,58,27,36,10,13,0.28582964601898153,100.0,130.0,0.03371662646532059
train,604,train/sample_000604.npz,9,18,5,12,9,17,0.9451695434471115,90.0,170.0,0.18605445325374603
train,605,train/sample_000605.npz,38,51,44,49,4,6,0.277547633431451,40.0,60.0,0.054437704384326935
train,606,train/sample_000606.npz,7,12,5,20,12,20,0.7534776490285224,120.0,200.0,0.1109180897474289
train,607,train/sample_000607.npz,4,18,42,54,13,16,0.7746804505385241,130.0,160.0,0.1041095033288002
train,608,train/sample_000608.npz,44,59,36,47,6,11,0.9655772677046237,60.0,110.0,0.4898737967014313
train,609,train/sample_000609.npz,25,29,23,34,11,14,0.8048966477944595,110.0,140.0,0.04143181070685387
train,610,train/sample_000610.npz,2,10,11,27,4,9,0.6315502069315115,40.0,90.0,0.36768853664398193
train,611,train/sample_000611.npz,5,13,4,14,10,17,0.5234211650643592,100.0,170.0,0.10166279971599579
train,612,train/sample_000612.npz,17,32,34,45,10,17,0.776172823202131,100.0,170.0,0.27897757291793823
train,613,train/sample_000613.npz,45,51,32,44,13,16,0.6300061300297637,130.0,160.0,0.0393507182598114
train,614,train/sample_000614.npz,7,11,15,26,3,10,0.621919824526505,30.0,100.0,0.2589314579963684
train,615,train/sample_000615.npz,16,32,6,21,12,17,0.6738199603555235,120.0,170.0,0.20458778738975525
train,616,train/sample_000616.npz,51,57,47,53,13,15,0.6747650180719786,130.0,150.0,0.015840427950024605
train,617,train/sample_000617.npz,34,50,24,35,7,11,0.8912866830522763,70.0,110.0,0.34288308024406433
train,618,train/sample_000618.npz,17,21,19,32,9,13,0.2403037906308435,90.0,130.0,0.02387303300201893
train,619,train/sample_000619.npz,9,23,22,27,4,8,0.9553149176610198,40.0,80.0,0.31557390093803406
train,620,train/sample_000620.npz,52,60,7,17,5,13,0.47064441968237125,50.0,130.0,0.22441542148590088
train,621,train/sample_000621.npz,49,53,38,52,7,14,0.8421639809015031,70.0,140.0,0.17551644146442413
train,622,train/sample_000622.npz,47,58,55,60,11,19,0.5217104599228432,110.0,190.0,0.06708631664514542
train,623,train/sample_000623.npz,53,59,52,56,15,23,0.6177131577672015,150.0,230.0,0.022447407245635986
train,624,train/sample_000624.npz,35,51,42,53,5,11,0.5988800307137012,50.0,110.0,0.4138118326663971
train,625,train/sample_000625.npz,44,50,56,60,12,18,0.8633203922766002,120.0,180.0,0.03711484745144844
train,626,train/sample_000626.npz,30,43,52,59,2,9,0.9496501799037611,20.0,90.0,0.8493789434432983
train,627,train/sample_000627.npz,52,56,25,35,11,18,0.535812293679007,110.0,180.0,0.046806879341602325
train,628,train/sample_000628.npz,34,49,15,20,3,6,0.8693125971252356,30.0,60.0,0.30846863985061646
train,629,train/sample_000629.npz,50,58,32,37,5,7,0.37210497446261953,50.0,70.0,0.043186258524656296
train,630,train/sample_000630.npz,44,52,22,28,10,14,0.7009274286723755,100.0,140.0,0.058549974113702774
train,631,train/sample_000631.npz,53,60,44,59,4,9,0.9219919739383349,40.0,90.0,0.475344181060791
train,632,train/sample_000632.npz,26,42,31,45,11,14,0.7113701279492013,110.0,140.0,0.15260496735572815
train,633,train/sample_000633.npz,3,13,48,60,2,7,0.6684830091724638,20.0,70.0,0.5937822461128235
train,634,train/sample_000634.npz,20,26,2,16,7,10,0.6077877279011552,70.0,100.0,0.10491211712360382
train,635,train/sample_000635.npz,29,37,19,29,8,10,0.39986087024777767,80.0,100.0,0.042467258870601654
train,636,train/sample_000636.npz,4,9,51,61,7,15,0.3383418462135451,70.0,150.0,0.0735662654042244
train,637,train/sample_000637.npz,28,40,30,38,6,14,0.5994242055793184,60.0,140.0,0.27057042717933655
train,638,train/sample_000638.npz,20,25,15,27,16,23,0.7542172554039972,160.0,230.0,0.05422196909785271
train,639,train/sample_000639.npz,13,29,28,32,5,8,0.22479583078490759,50.0,80.0,0.04207919165492058
train,640,train/sample_000640.npz,7,21,38,50,12,18,0.6132596038744098,120.0,180.0,0.15886235237121582
train,641,train/sample_000641.npz,25,37,4,15,7,11,0.27996148461961046,70.0,110.0,0.08964520692825317
train,642,train/sample_000642.npz,21,30,2,14,16,18,0.6460667974611063,160.0,180.0,0.029467744752764702
train,643,train/sample_000643.npz,20,32,28,41,14,19,0.6959327841472841,140.0,190.0,0.1185506284236908
train,644,train/sample_000644.npz,52,59,7,20,14,21,0.9409457570198907,140.0,210.0,0.12426663190126419
train,645,train/sample_000645.npz,20,28,6,10,14,18,0.35570256928393784,140.0,180.0,0.011562568135559559
train,646,train/sample_000646.npz,47,55,21,25,8,14,0.3327943291896219,80.0,140.0,0.03455892205238342
train,647,train/sample_000647.npz,49,55,41,50,8,10,0.9145042448560259,80.0,100.0,0.0696358010172844
train,648,train/sample_000648.npz,40,54,16,28,3,11,0.930654637465824,30.0,110.0,1.034859299659729
train,649,train/sample_000649.npz,49,59,54,59,8,12,0.9605318731755885,80.0,120.0,0.11454371362924576
train,650,train/sample_000650.npz,29,38,25,34,12,19,0.8027684315490735,120.0,190.0,0.12188277393579483
train,651,train/sample_000651.npz,25,35,37,41,4,6,0.3860418099544509,40.0,60.0,0.05500373616814613
train,652,train/sample_000652.npz,16,30,45,57,7,9,0.8554075084479893,70.0,90.0,0.18576973676681519
train,653,train/sample_000653.npz,6,16,15,25,13,17,0.5954078214494901,130.0,170.0,0.06441870331764221
train,654,train/sample_000654.npz,32,39,47,53,14,18,0.921719734727201,140.0,180.0,0.03927796706557274
train,655,train/sample_000655.npz,20,28,12,27,16,24,0.9454594326362524,160.0,240.0,0.14376428723335266
train,656,train/sample_000656.npz,34,49,30,41,8,11,0.4740818853202223,80.0,110.0,0.12120050936937332
train,657,train/sample_000657.npz,58,62,6,13,5,11,0.59725191771775,50.0,110.0,0.10359157621860504
train,658,train/sample_000658.npz,34,48,25,40,11,16,0.5428743346007332,110.0,160.0,0.16643832623958588
train,659,train/sample_000659.npz,15,22,43,53,5,11,0.3587063706252225,50.0,110.0,0.13321015238761902
train,660,train/sample_000660.npz,49,62,29,42,13,20,0.8903410999638628,130.0,200.0,0.23170635104179382
train,661,train/sample_000661.npz,20,27,41,48,15,22,0.8389998622094086,150.0,220.0,0.056038130074739456
train,662,train/sample_000662.npz,5,9,50,62,14,17,0.5361302836197109,140.0,170.0,0.0199478417634964
train,663,train/sample_000663.npz,5,12,23,37,13,17,0.9415591997860095,130.0,170.0,0.09797755628824234
train,664,train/sample_000664.npz,31,37,7,16,10,14,0.380620155253013,100.0,140.0,0.035364292562007904
train,665,train/sample_000665.npz,50,58,20,34,7,13,0.3967848145524962,70.0,130.0,0.14291143417358398
train,666,train/sample_000666.npz,23,29,47,57,14,19,0.25609154563534714,140.0,190.0,0.018058856949210167
train,667,train/sample_000667.npz,16,29,32,43,9,13,0.5578205495266153,90.0,130.0,0.13931864500045776
train,668,train/sample_000668.npz,18,25,32,41,9,14,0.6007865688254215,90.0,140.0,0.08845481276512146
train,669,train/sample_000669.npz,40,45,40,50,14,21,0.47310279534495425,140.0,210.0,0.03558943793177605
train,670,train/sample_000670.npz,15,27,9,23,14,20,0.666145969384607,140.0,200.0,0.138474240899086
train,671,train/sample_000671.npz,19,31,14,21,13,20,0.7371228193384256,130.0,200.0,0.10141664743423462
train,672,train/sample_000672.npz,11,17,53,60,9,14,0.5050460307651476,90.0,140.0,0.05149562284350395
train,673,train/sample_000673.npz,30,34,42,57,16,19,0.33269282377867426,160.0,190.0,0.011980508454144001
train,674,train/sample_000674.npz,46,60,20,34,2,7,0.8965866986542912,20.0,70.0,0.9644326567649841
train,675,train/sample_000675.npz,3,18,21,33,9,15,0.8498375571762289,90.0,150.0,0.33667096495628357
train,676,train/sample_000676.npz,27,38,44,57,9,11,0.38395841425490596,90.0,110.0,0.054765284061431885
train,677,train/sample_000677.npz,44,52,55,61,11,16,0.39780525864541627,110.0,160.0,0.033611640334129333
train,678,train/sample_000678.npz,3,10,48,55,4,11,0.38111803232906727,40.0,110.0,0.14812766015529633
train,679,train/sample_000679.npz,23,31,2,12,16,21,0.6451888724086353,160.0,210.0,0.04818688705563545
train,680,train/sample_000680.npz,14,24,20,30,14,22,0.5282730871192333,140.0,220.0,0.08421529084444046
train,681,train/sample_000681.npz,45,54,45,51,13,16,0.30933065662306425,130.0,160.0,0.015000265091657639
train,682,train/sample_000682.npz,51,57,2,11,15,20,0.43900725649810585,150.0,200.0,0.025096861645579338
train,683,train/sample_000683.npz,32,38,15,26,7,9,0.5680299879225701,70.0,90.0,0.061033476144075394
train,684,train/sample_000684.npz,14,28,40,46,9,11,0.6602359621028018,90.0,110.0,0.0584433451294899
train,685,train/sample_000685.npz,26,42,11,16,14,18,0.8118496004889029,140.0,180.0,0.06056813523173332
train,686,train/sample_000686.npz,10,25,12,20,13,18,0.3493296829563438,130.0,180.0,0.05177554115653038
train,687,train/sample_000687.npz,46,60,13,23,2,10,0.7792098017474787,20.0,100.0,0.9365172386169434
train,688,train/sample_000688.npz,30,40,43,57,3,5,0.8380137632425433,30.0,50.0,0.33395081758499146
train,689,train/sample_000689.npz,26,41,33,48,12,17,0.620074586675891,120.0,170.0,0.1791822910308838
train,690,train/sample_000690.npz,33,42,6,18,15,22,0.452611582276873,150.0,220.0,0.06356892734766006
train,691,train/sample_000691.npz,30,34,27,31,16,22,0.7402755765409508,160.0,220.0,0.013290355913341045
train,692,train/sample_000692.npz,18,22,9,23,16,23,0.8396100845745831,160.0,230.0,0.055542439222335815
train,693,train/sample_000693.npz,14,20,36,51,2,5,0.48378025695724025,20.0,50.0,0.24937225878238678
train,694,train/sample_000694.npz,6,18,14,26,9,14,0.30817708960318885,90.0,140.0,0.09091507643461227
train,695,train/sample_000695.npz,6,16,37,42,3,10,0.4811286811196305,30.0,100.0,0.23221400380134583
train,696,train/sample_000696.npz,14,22,39,45,12,19,0.6313346338855982,120.0,190.0,0.05852004513144493
train,697,train/sample_000697.npz,28,39,39,55,7,12,0.26011152634575707,70.0,120.0,0.1173497885465622
train,698,train/sample_000698.npz,44,53,42,55,16,19,0.6637317754480475,160.0,190.0,0.04642798751592636
train,699,train/sample_000699.npz,29,39,35,47,7,14,0.8163163065450616,70.0,140.0,0.3488439917564392
train,700,train/sample_000700.npz,34,42,4,20,9,11,0.6766863605847881,90.0,110.0,0.08470525592565536
train,701,train/sample_000701.npz,33,44,20,25,5,8,0.7848238985187286,50.0,80.0,0.15113091468811035
train,702,train/sample_000702.npz,3,17,4,10,4,12,0.8985919490831047,40.0,120.0,0.5055676698684692
train,703,train/sample_000703.npz,26,32,3,16,2,6,0.6469394371800449,20.0,60.0,0.3878028690814972
train,704,train/sample_000704.npz,14,24,25,32,10,17,0.9386500498482038,100.0,170.0,0.16149434447288513
train,705,train/sample_000705.npz,31,44,4,11,12,18,0.9646884273511402,120.0,180.0,0.14427615702152252
train,706,train/sample_000706.npz,4,20,22,38,13,21,0.3759947514618091,130.0,210.0,0.1514902114868164
train,707,train/sample_000707.npz,8,22,12,26,13,18,0.5609722353258126,130.0,180.0,0.12941987812519073
train,708,train/sample_000708.npz,39,50,36,46,14,17,0.7145340348320441,140.0,170.0,0.0592162124812603
train,709,train/sample_000709.npz,25,41,20,32,6,11,0.23652982834936492,60.0,110.0,0.13168896734714508
train,710,train/sample_000710.npz,31,37,22,36,8,12,0.3962850119469014,80.0,120.0,0.07144136726856232
train,711,train/sample_000711.npz,44,57,14,20,10,14,0.25136708125237156,100.0,140.0,0.03162802383303642
train,712,train/sample_000712.npz,37,41,20,33,7,14,0.5450546252126331,70.0,140.0,0.10827546566724777
train,713,train/sample_000713.npz,30,38,37,51,6,10,0.9516358726236347,60.0,100.0,0.31072723865509033
train,714,train/sample_000714.npz,12,22,38,50,8,16,0.5663178958011084,80.0,160.0,0.22432692348957062
train,715,train/sample_000715.npz,11,27,18,27,9,15,0.283400173024001,90.0,150.0,0.09223339706659317
train,716,train/sample_000716.npz,45,54,23,32,3,10,0.6455469769707602,30.0,100.0,0.4513207972049713
train,717,train/sample_000717.npz,42,49,29,45,2,5,0.5661881493200618,20.0,50.0,0.3268410861492157
train,718,train/sample_000718.npz,54,58,8,12,5,10,0.37343531658515583,50.0,100.0,0.036058198660612106
train,719,train/sample_000719.npz,20,25,30,37,8,11,0.2007919951411089,80.0,110.0,0.014455738477408886
train,720,train/sample_000720.npz,19,24,32,38,3,6,0.4632598963210159,30.0,60.0,0.10613211244344711
train,721,train/sample_000721.npz,22,32,3,14,5,9,0.9530935210161975,50.0,90.0,0.38471171259880066
train,722,train/sample_000722.npz,12,21,10,15,3,9,0.9850212191946182,30.0,90.0,0.4209612309932709
train,723,train/sample_000723.npz,29,40,50,62,11,17,0.27075101541972385,110.0,170.0,0.06468311697244644
train,724,train/sample_000724.npz,47,56,30,46,5,9,0.5360668522422334,50.0,90.0,0.2458934634923935
train,725,train/sample_000725.npz,19,24,9,17,15,20,0.9976552088609949,150.0,200.0,0.04272749274969101
train,726,train/sample_000726.npz,17,27,53,61,11,17,0.24608084030317984,110.0,170.0,0.03773227334022522
train,727,train/sample_000727.npz,33,42,34,49,10,14,0.3193473471090787,100.0,140.0,0.06492995470762253
train,728,train/sample_000728.npz,8,18,25,35,12,15,0.3239881424848454,120.0,150.0,0.03157109022140503
train,729,train/sample_000729.npz,43,57,3,10,14,17,0.76708966275265,140.0,170.0,0.056118160486221313
train,730,train/sample_000730.npz,43,57,9,25,2,7,0.7393154407145077,20.0,70.0,0.8295483589172363
train,731,train/sample_000731.npz,14,25,40,44,10,13,0.6705170784912562,100.0,130.0,0.04016068950295448
train,732,train/sample_000732.npz,28,38,33,41,12,16,0.3661097376751358,120.0,160.0,0.03665889799594879
train,733,train/sample_000733.npz,44,59,35,46,15,22,0.5774332059150777,150.0,220.0,0.11900883167982101
train,734,train/sample_000734.npz,45,58,14,22,3,9,0.20894940246950153,30.0,90.0,0.15148314833641052
train,735,train/sample_000735.npz,9,15,38,54,5,12,0.33491590544398286,50.0,120.0,0.15574613213539124
train,736,train/sample_000736.npz,8,20,19,26,8,15,0.838680650207889,80.0,150.0,0.22573454678058624
train,737,train/sample_000737.npz,55,59,8,24,15,21,0.8213509410794322,150.0,210.0,0.06026434525847435
train,738,train/sample_000738.npz,45,51,31,36,15,20,0.4691048704453654,150.0,200.0,0.015239995904266834
train,739,train/sample_000739.npz,17,29,15,21,2,7,0.9312160506250495,20.0,70.0,0.6157417893409729
train,740,train/sample_000740.npz,53,58,6,20,16,22,0.6737429948045356,160.0,220.0,0.04969961941242218
train,741,train/sample_000741.npz,20,25,19,26,10,18,0.426772440194686,100.0,180.0,0.041939761489629745
train,742,train/sample_000742.npz,16,22,25,36,4,12,0.7206498120352278,40.0,120.0,0.35590702295303345
train,743,train/sample_000743.npz,52,59,30,35,15,18,0.8556223775074738,150.0,180.0,0.021469829604029655
train,744,train/sample_000744.npz,13,19,37,49,12,18,0.900079917649178,120.0,180.0,0.10830266028642654
train,745,train/sample_000745.npz,42,48,6,17,6,13,0.6850004955601132,60.0,130.0,0.21174226701259613
train,746,train/sample_000746.npz,29,35,5,9,5,12,0.6391100712052538,50.0,120.0,0.1044623926281929
train,747,train/sample_000747.npz,29,45,45,51,11,14,0.85750457661749,110.0,140.0,0.08717440068721771
train,748,train/sample_000748.npz,50,55,31,39,10,18,0.5783097457233333,100.0,180.0,0.06415601819753647
train,749,train/sample_000749.npz,42,56,49,61,5,7,0.27846386167274595,50.0,70.0,0.0843881368637085
train,750,train/sample_000750.npz,24,36,13,27,10,16,0.7965400005282399,100.0,160.0,0.2629653811454773
train,751,train/sample_000751.npz,39,43,35,40,13,17,0.2886002547171213,130.0,170.0,0.006800424307584763
train,752,train/sample_000752.npz,15,23,18,23,13,20,0.9114414806137707,130.0,200.0,0.06261437386274338
train,753,train/sample_000753.npz,28,38,15,28,12,17,0.7671556152172945,120.0,170.0,0.1397465169429779
train,754,train/sample_000754.npz,29,43,16,32,3,6,0.38773781236927535,30.0,60.0,0.25708040595054626
train,755,train/sample_000755.npz,32,41,26,35,13,17,0.656584484896197,130.0,170.0,0.058818090707063675
train,756,train/sample_000756.npz,23,29,16,24,4,8,0.8877442409935896,40.0,80.0,0.2492653876543045
train,757,train/sample_000757.npz,28,32,41,52,7,13,0.251565945963927,70.0,130.0,0.04061010107398033
train,758,train/sample_000758.npz,9,17,55,62,5,9,0.7648788659142083,50.0,90.0,0.1907963901758194
train,759,train/sample_000759.npz,16,29,11,23,2,10,0.7084330343784626,20.0,100.0,0.9077130556106567
train,760,train/sample_000760.npz,32,47,42,50,15,18,0.557907258243296,150.0,180.0,0.04385684058070183
train,761,train/sample_000761.npz,11,20,24,37,16,19,0.7140207103108267,160.0,190.0,0.04994569718837738
train,762,train/sample_000762.npz,12,24,42,57,5,12,0.27803576541838615,50.0,120.0,0.215718075633049
train,763,train/sample_000763.npz,30,44,32,44,13,15,0.5964278433220345,130.0,150.0,0.05644221976399422
train,764,train/sample_000764.npz,45,54,12,24,4,7,0.4159194751650736,40.0,70.0,0.16465502977371216
train,765,train/sample_000765.npz,9,15,14,25,8,15,0.9062474657156641,80.0,150.0,0.1977277398109436
train,766,train/sample_000766.npz,50,58,23,31,8,10,0.3455543642214021,80.0,100.0,0.030635440722107887
train,767,train/sample_000767.npz,19,24,2,15,8,10,0.9712109618878377,80.0,100.0,0.08220770210027695
train,768,train/sample_000768.npz,7,11,42,56,12,17,0.9254458028844403,120.0,170.0,0.07494539767503738
train,769,train/sample_000769.npz,6,18,34,42,11,13,0.4138397350484776,110.0,130.0,0.03139188885688782
train,770,train/sample_000770.npz,15,22,38,44,3,6,0.824735192824624,30.0,60.0,0.23823145031929016
train,771,train/sample_000771.npz,45,59,11,24,6,11,0.5628913427636976,60.0,110.0,0.3067462146282196
train,772,train/sample_000772.npz,20,33,45,56,15,22,0.9328466650414622,150.0,220.0,0.16974712908267975
train,773,train/sample_000773.npz,9,15,23,38,16,20,0.2379787979464755,160.0,200.0,0.016225028783082962
train,774,train/sample_000774.npz,35,42,16,21,7,11,0.3359524730888539,70.0,110.0,0.03625485301017761
train,775,train/sample_000775.npz,4,20,45,61,4,7,0.8086710722569657,40.0,70.0,0.48611515760421753
train,776,train/sample_000776.npz,33,40,18,30,12,14,0.7171416304466258,120.0,140.0,0.04192185774445534
train,777,train/sample_000777.npz,16,25,18,24,16,18,0.40414920983483377,160.0,180.0,0.00961774680763483
train,778,train/sample_000778.npz,2,10,23,36,11,17,0.705956987752629,110.0,170.0,0.13546490669250488
train,779,train/sample_000779.npz,47,52,16,22,12,19,0.41826878134116585,120.0,190.0,0.02479088492691517
train,780,train/sample_000780.npz,41,53,20,26,6,14,0.5633432093618154,60.0,140.0,0.1977727860212326
train,781,train/sample_000781.npz,17,21,31,37,4,10,0.3031019237363801,40.0,100.0,0.060042377561330795
train,782,train/sample_000782.npz,8,20,22,34,16,23,0.9208842505205415,160.0,230.0,0.15276923775672913
train,783,train/sample_000783.npz,15,26,42,47,2,8,0.8088172583851974,20.0,80.0,0.502285897731781
train,784,train/sample_000784.npz,5,16,38,52,2,7,0.5012309862372655,20.0,70.0,0.4919430911540985
train,785,train/sample_000785.npz,28,32,55,62,4,10,0.2509308714550909,40.0,100.0,0.05635000392794609
train,786,train/sample_000786.npz,3,10,36,50,11,15,0.7693736959374371,110.0,150.0,0.10309716314077377
train,787,train/sample_000787.npz,20,25,2,17,4,8,0.678822791234613,40.0,80.0,0.2308042049407959
train,788,train/sample_000788.npz,23,30,11,19,3,10,0.46539944996737836,30.0,100.0,0.2545425593852997
train,789,train/sample_000789.npz,46,50,54,58,2,9,0.44968219948295696,20.0,90.0,0.13386689126491547
train,790,train/sample_000790.npz,46,60,8,24,16,18,0.7719394423169528,160.0,180.0,0.0671573355793953
train,791,train/sample_000791.npz,14,19,6,17,12,14,0.3508480629076465,120.0,140.0,0.013862472958862782
train,792,train/sample_000792.npz,16,27,58,62,11,18,0.7375876301263531,110.0,180.0,0.07012511044740677
train,793,train/sample_000793.npz,28,34,34,47,16,21,0.23214525810277628,160.0,210.0,0.01669260673224926
train,794,train/sample_000794.npz,41,46,2,17,7,14,0.6057873420486565,70.0,140.0,0.16402868926525116
train,795,train/sample_000795.npz,41,53,24,40,5,12,0.33902151022591265,50.0,120.0,0.27183598279953003
train,796,train/sample_000796.npz,55,59,43,47,3,11,0.8912595765937192,30.0,110.0,0.19099316000938416
train,797,train/sample_000797.npz,18,23,12,17,6,12,0.22148462154114235,60.0,120.0,0.02803986705839634
train,798,train/sample_000798.npz,13,20,34,45,12,17,0.5104428378417981,120.0,170.0,0.058156900107860565
train,799,train/sample_000799.npz,32,39,9,20,3,9,0.9454356956423868,30.0,90.0,0.5812312364578247
train,800,train/sample_000800.npz,43,53,46,59,15,19,0.7195140936861926,150.0,190.0,0.07832260429859161
train,801,train/sample_000801.npz,6,16,2,18,8,15,0.25005689267692754,80.0,150.0,0.1126132681965828
train,802,train/sample_000802.npz,36,42,21,26,3,11,0.7610166456874861,30.0,110.0,0.2764301598072052
train,803,train/sample_000803.npz,32,48,8,22,10,18,0.7983212817185403,100.0,180.0,0.3990984261035919
train,804,train/sample_000804.npz,46,53,16,24,2,8,0.4644804433127823,20.0,80.0,0.3115326762199402
train,805,train/sample_000805.npz,3,17,43,50,14,19,0.7564416243301133,140.0,190.0,0.08334965258836746
train,806,train/sample_000806.npz,55,61,39,44,14,21,0.3558701491851135,140.0,210.0,0.016495700925588608
train,807,train/sample_000807.npz,11,18,23,35,9,13,0.2896985307779111,90.0,130.0,0.04601879417896271
train,808,train/sample_000808.npz,30,35,10,20,3,7,0.3060370514198102,30.0,70.0,0.11188286542892456
train,809,train/sample_000809.npz,14,23,17,33,6,9,0.4576644850368289,60.0,90.0,0.14282406866550446
train,810,train/sample_000810.npz,36,48,44,59,10,18,0.43993992466231646,100.0,180.0,0.1849457174539566
train,811,train/sample_000811.npz,18,23,21,26,10,18,0.8415254667925987,100.0,180.0,0.06009732186794281
train,812,train/sample_000812.npz,8,19,46,61,9,13,0.6424104050755247,90.0,130.0,0.17777447402477264
train,813,train/sample_000813.npz,37,46,4,11,9,17,0.843200928210454,90.0,170.0,0.16598215699195862
train,814,train/sample_000814.npz,17,22,33,38,6,13,0.23438010051751912,60.0,130.0,0.03208319842815399
train,815,train/sample_000815.npz,18,22,6,11,12,15,0.5816662929979013,120.0,150.0,0.012553543783724308
train,816,train/sample_000816.npz,25,39,12,20,5,7,0.8107290349860636,50.0,70.0,0.18857824802398682
train,817,train/sample_000817.npz,51,59,45,61,4,8,0.6758100027800831,40.0,80.0,0.3401886820793152
train,818,train/sample_000818.npz,33,39,36,48,12,18,0.8558488865485507,120.0,180.0,0.10298053175210953
train,819,train/sample_000819.npz,9,15,18,28,10,14,0.28420607502649364,100.0,140.0,0.028857257217168808
train,820,train/sample_000820.npz,3,15,15,27,2,7,0.27538389155688026,20.0,70.0,0.26456478238105774
train,821,train/sample_000821.npz,3,9,36,42,11,18,0.5368439303965697,110.0,180.0,0.0433303639292717
train,822,train/sample_000822.npz,28,32,21,26,8,10,0.7763673222847598,80.0,100.0,0.024240491911768913
train,823,train/sample_000823.npz,13,26,26,37,9,14,0.973037509808335,90.0,140.0,0.28577178716659546
train,824,train/sample_000824.npz,47,55,25,38,9,17,0.22118328104397078,90.0,170.0,0.06659112870693207
train,825,train/sample_000825.npz,26,31,13,29,6,11,0.9995271403101371,60.0,110.0,0.2710433006286621
train,826,train/sample_000826.npz,53,58,4,17,2,6,0.2204012511681583,20.0,60.0,0.11757315695285797
train,827,train/sample_000827.npz,7,17,48,59,3,7,0.9495252320181424,30.0,70.0,0.5762945413589478
train,828,train/sample_000828.npz,24,34,16,27,11,18,0.2511780339266187,110.0,180.0,0.05679943412542343
train,829,train/sample_000829.npz,7,13,6,19,3,11,0.4489784873633791,30.0,110.0,0.3014656901359558
train,830,train/sample_000830.npz,44,52,42,46,8,16,0.8410791451375512,80.0,160.0,0.10265284031629562
train,831,train/sample_000831.npz,48,59,22,33,14,17,0.8790176680483814,140.0,170.0,0.0794646143913269
train,832,train/sample_000832.npz,5,20,50,60,5,11,0.4199766990696932,50.0,110.0,0.2622933089733124
train,833,train/sample_000833.npz,23,36,22,26,5,7,0.4810797466314113,50.0,70.0,0.06054917722940445
train,834,train/sample_000834.npz,44,52,16,26,15,20,0.6166164863673351,150.0,200.0,0.051207009702920914
train,835,train/sample_000835.npz,22,28,10,18,14,21,0.28280821464804684,140.0,210.0,0.0206051766872406
train,836,train/sample_000836.npz,41,54,42,52,12,17,0.6716998823242532,120.0,170.0,0.12235811352729797
train,837,train/sample_000837.npz,42,57,3,17,7,11,0.29287944632124524,70.0,110.0,0.12832817435264587
train,838,train/sample_000838.npz,11,26,30,34,6,8,0.4850539869255515,60.0,80.0,0.05257794260978699
train,839,train/sample_000839.npz,30,41,35,46,9,17,0.733569730850725,90.0,170.0,0.25529661774635315
train,840,train/sample_000840.npz,14,29,33,41,7,10,0.6771459743126735,70.0,100.0,0.15660248696804047
train,841,train/sample_000841.npz,34,39,38,46,6,12,0.7179286583008557,60.0,120.0,0.13603773713111877
train,842,train/sample_000842.npz,2,11,51,56,8,12,0.22904454088358017,80.0,120.0,0.02514728344976902
train,843,train/sample_000843.npz,18,33,25,40,4,6,0.5394691431384092,40.0,60.0,0.22116419672966003
train,844,train/sample_000844.npz,28,39,27,31,15,21,0.963414621408492,150.0,210.0,0.051011715084314346
train,845,train/sample_000845.npz,29,33,51,58,14,16,0.6454659330966246,140.0,160.0,0.010377703234553337
train,846,train/sample_000846.npz,51,61,32,38,12,17,0.9556237326821007,120.0,170.0,0.08619475364685059
train,847,train/sample_000847.npz,46,56,9,18,6,8,0.7589068549493436,60.0,80.0,0.13032275438308716
train,848,train/sample_000848.npz,15,22,35,51,2,8,0.9415442900477333,20.0,80.0,0.832457423210144
train,849,train/sample_000849.npz,5,20,41,45,3,10,0.7183707007166307,30.0,100.0,0.34116703271865845
train,850,train/sample_000850.npz,22,37,31,35,14,19,0.92575789866929,140.0,190.0,0.06262615323066711
train,851,train/sample_000851.npz,25,29,25,40,14,21,0.4013685133995458,140.0,210.0,0.034650400280952454
train,852,train/sample_000852.npz,38,53,35,45,3,10,0.3071817753832061,30.0,100.0,0.29619014263153076
train,853,train/sample_000853.npz,25,36,17,27,2,7,0.3856643685358303,20.0,70.0,0.3319065570831299
train,854,train/sample_000854.npz,39,48,4,16,13,15,0.8802269481243075,130.0,150.0,0.0569315068423748
train,855,train/sample_000855.npz,16,23,32,47,7,12,0.5220904253627596,70.0,120.0,0.15618564188480377
train,856,train/sample_000856.npz,37,45,6,12,9,13,0.9027777243167903,90.0,130.0,0.08869486302137375
train,857,train/sample_000857.npz,37,49,27,43,14,18,0.6460788729003639,140.0,180.0,0.1097271740436554
train,858,train/sample_000858.npz,36,51,5,21,5,10,0.6495527388809422,50.0,100.0,0.48133349418640137
train,859,train/sample_000859.npz,21,37,2,10,6,11,0.6769915276383465,60.0,110.0,0.27666300535202026
train,860,train/sample_000860.npz,4,12,4,11,4,11,0.4914892611804891,40.0,110.0,0.21007569134235382
train,861,train/sample_000861.npz,3,8,33,48,7,10,0.8052375707215258,70.0,100.0,0.12312272191047668
train,862,train/sample_000862.npz,4,11,38,46,14,22,0.6473937829607612,140.0,220.0,0.05987512692809105
train,863,train/sample_000863.npz,9,21,58,62,2,4,0.8258271388028475,20.0,40.0,0.23023675382137299
train,864,train/sample_000864.npz,3,10,2,18,15,18,0.8334778318328591,150.0,180.0,0.06083998084068298
train,865,train/sample_000865.npz,20,27,2,11,13,18,0.4305594409604514,130.0,180.0,0.036125387996435165
train,866,train/sample_000866.npz,5,18,31,44,13,15,0.441004951557011,130.0,150.0,0.042118873447179794
train,867,train/sample_000867.npz,43,53,25,33,16,23,0.5577004401950696,160.0,230.0,0.053466737270355225
train,868,train/sample_000868.npz,19,33,29,40,8,13,0.5458683382140463,80.0,130.0,0.19506196677684784
train,869,train/sample_000869.npz,10,24,45,59,15,20,0.6514369646635092,150.0,200.0,0.12188908457756042
train,870,train/sample_000870.npz,6,13,45,54,12,16,0.6503857936531017,120.0,160.0,0.052487436681985855
train,871,train/sample_000871.npz,12,23,34,47,13,16,0.7969068445834477,130.0,160.0,0.09362446516752243
train,872,train/sample_000872.npz,15,29,34,40,9,15,0.2019823446856185,90.0,150.0,0.0412374772131443
train,873,train/sample_000873.npz,18,34,7,22,11,16,0.8530856580606618,110.0,160.0,0.28991180658340454
train,874,train/sample_000874.npz,20,27,20,33,13,20,0.8833620053559936,130.0,200.0,0.1304069608449936
train,875,train/sample_000875.npz,19,34,2,11,10,18,0.7158984917422899,100.0,180.0,0.23462766408920288
train,876,train/sample_000876.npz,35,51,25,38,10,12,0.8479491789693667,100.0,120.0,0.1379328817129135
train,877,train/sample_000877.npz,27,38,48,60,6,11,0.7658137553562727,60.0,110.0,0.3378726541996002
train,878,train/sample_000878.npz,26,31,43,59,16,19,0.804297232980246,160.0,190.0,0.03808780759572983
train,879,train/sample_000879.npz,5,20,29,40,4,11,0.8123012179154618,40.0,110.0,0.7015051245689392
train,880,train/sample_000880.npz,44,54,7,17,15,21,0.5047522784389074,150.0,210.0,0.05923427641391754
train,881,train/sample_000881.npz,33,47,7,17,8,16,0.3228226352357044,80.0,160.0,0.14356540143489838
train,882,train/sample_000882.npz,27,35,4,18,9,17,0.21319300718211995,90.0,170.0,0.06782601773738861
train,883,train/sample_000883.npz,37,41,37,47,4,6,0.8362587700222011,40.0,60.0,0.11915122717618942
train,884,train/sample_000884.npz,42,53,10,16,10,16,0.4428661212755096,100.0,160.0,0.06479837000370026
train,885,train/sample_000885.npz,30,38,42,57,10,17,0.3801982433436056,100.0,170.0,0.10283328592777252
train,886,train/sample_000886.npz,25,30,27,35,9,15,0.9981183737469603,90.0,150.0,0.10866636782884598
train,887,train/sample_000887.npz,27,33,50,55,14,17,0.6425589052302298,140.0,170.0,0.015687886625528336
train,888,train/sample_000888.npz,17,24,17,25,9,12,0.8392859587519517,90.0,120.0,0.07683021575212479
train,889,train/sample_000889.npz,25,41,33,43,15,20,0.6114554664917466,150.0,200.0,0.09468626976013184
train,890,train/sample_000890.npz,5,15,45,58,9,15,0.34755676870947305,90.0,150.0,0.10653984546661377
train,891,train/sample_000891.npz,44,51,40,56,14,18,0.5863262658968569,140.0,180.0,0.060576654970645905
train,892,train/sample_000892.npz,10,21,37,51,6,9,0.31236012671121816,60.0,90.0,0.10512121766805649
train,893,train/sample_000893.npz,17,24,19,26,8,16,0.5096136924993468,80.0,160.0,0.09400194883346558
train,894,train/sample_000894.npz,42,47,37,51,5,9,0.2589696552893215,50.0,90.0,0.06886598467826843
train,895,train/sample_000895.npz,37,41,21,34,13,19,0.7779822585339764,130.0,190.0,0.05985459312796593
train,896,train/sample_000896.npz,53,62,19,34,14,22,0.5873708114240516,140.0,220.0,0.12187061458826065
train,897,train/sample_000897.npz,23,36,39,53,6,10,0.46245691404875294,60.0,100.0,0.21545211970806122
train,898,train/sample_000898.npz,16,22,4,18,3,8,0.9981403578958579,30.0,80.0,0.5460497140884399
train,899,train/sample_000899.npz,17,28,45,60,15,22,0.5506530475315903,150.0,220.0,0.11348944902420044
train,900,train/sample_000900.npz,2,14,29,36,3,6,0.3760386563812863,30.0,60.0,0.15845036506652832
train,901,train/sample_000901.npz,28,37,8,24,2,9,0.39718068246674143,20.0,90.0,0.44316062331199646
train,902,train/sample_000902.npz,19,30,38,44,5,8,0.4620096626505194,50.0,80.0,0.10343800485134125
train,903,train/sample_000903.npz,48,58,32,43,15,17,0.7556262330291053,150.0,170.0,0.03925763815641403
train,904,train/sample_000904.npz,45,54,18,26,4,8,0.9714261189632865,40.0,80.0,0.3671075403690338
train,905,train/sample_000905.npz,39,49,24,36,6,9,0.8684104299447954,60.0,90.0,0.2487732619047165
train,906,train/sample_000906.npz,42,51,45,57,10,14,0.7379516577734322,100.0,140.0,0.12641730904579163
train,907,train/sample_000907.npz,11,26,7,19,4,7,0.9721136936459194,40.0,70.0,0.5004955530166626
train,908,train/sample_000908.npz,26,36,31,42,8,15,0.24944956885737232,80.0,150.0,0.08556054532527924
train,909,train/sample_000909.npz,15,26,39,53,5,7,0.6275027546108884,50.0,70.0,0.1813228577375412
train,910,train/sample_000910.npz,7,19,46,53,2,8,0.3411681131754454,20.0,80.0,0.2754252552986145
train,911,train/sample_000911.npz,16,25,21,25,13,19,0.51146720447332,130.0,190.0,0.02837407775223255
train,912,train/sample_000912.npz,43,50,18,25,14,19,0.3681540558008191,140.0,190.0,0.02161458134651184
train,913,train/sample_000913.npz,37,52,18,26,5,10,0.26634897829453846,50.0,100.0,0.12553709745407104
train,914,train/sample_000914.npz,36,46,50,56,8,16,0.2458325973778287,80.0,160.0,0.053392961621284485
train,915,train/sample_000915.npz,28,34,50,56,15,23,0.7435606666367531,150.0,230.0,0.040231529623270035
train,916,train/sample_000916.npz,19,28,13,20,8,11,0.30287080730016264,80.0,110.0,0.036663249135017395
train,917,train/sample_000917.npz,41,57,21,29,10,12,0.6886596403727758,100.0,120.0,0.07450268417596817
train,918,train/sample_000918.npz,46,59,44,51,7,9,0.9026517847150866,70.0,90.0,0.12411446124315262
train,919,train/sample_000919.npz,17,25,16,24,10,18,0.24266771336594203,100.0,180.0,0.0418456494808197
train,920,train/sample_000920.npz,58,62,22,35,4,6,0.5896363947033254,40.0,60.0,0.09460026770830154
train,921,train/sample_000921.npz,35,40,21,27,3,10,0.9618287260402547,30.0,100.0,0.33303752541542053
train,922,train/sample_000922.npz,36,47,3,14,7,11,0.6802186251128655,70.0,110.0,0.20509791374206543
train,923,train/sample_000923.npz,13,25,44,49,10,17,0.5388682786358291,100.0,170.0,0.0785689726471901
train,924,train/sample_000924.npz,28,35,3,10,2,8,0.544021255716417,20.0,80.0,0.34029421210289
train,925,train/sample_000925.npz,22,35,28,43,5,7,0.7474446557438095,50.0,70.0,0.24512992799282074
train,926,train/sample_000926.npz,35,45,20,24,4,6,0.7360745393188564,40.0,60.0,0.10487684607505798
train,927,train/sample_000927.npz,35,49,47,56,13,21,0.8066978212788343,130.0,210.0,0.1754762977361679
train,928,train/sample_000928.npz,41,57,40,56,13,19,0.8658930867720007,130.0,190.0,0.2848694622516632
train,929,train/sample_000929.npz,44,52,46,59,14,18,0.5801659028210341,140.0,180.0,0.057265739887952805
train,930,train/sample_000930.npz,39,45,43,55,9,14,0.5450876822972059,90.0,140.0,0.08773618936538696
train,931,train/sample_000931.npz,43,56,47,61,13,20,0.39913655940593507,130.0,200.0,0.11053210496902466
train,932,train/sample_000932.npz,29,40,46,59,13,15,0.925521934444425,130.0,150.0,0.07666588574647903
train,933,train/sample_000933.npz,48,57,10,21,10,16,0.9799701619390169,100.0,160.0,0.20870846509933472
train,934,train/sample_000934.npz,54,60,44,51,12,17,0.5529724036891048,120.0,170.0,0.035998135805130005
train,935,train/sample_000935.npz,3,15,49,55,4,9,0.6086051893988118,40.0,90.0,0.2481599897146225
train,936,train/sample_000936.npz,13,17,16,21,12,14,0.9011158006007034,120.0,140.0,0.01386560220271349
train,937,train/sample_000937.npz,43,56,6,14,5,11,0.6092249093101181,50.0,110.0,0.2970409691333771
train,938,train/sample_000938.npz,32,45,26,35,13,16,0.47505277513949684,130.0,160.0,0.04661107435822487
train,939,train/sample_000939.npz,2,12,52,59,6,9,0.3320628816702499,60.0,90.0,0.06416694074869156
train,940,train/sample_000940.npz,24,29,5,21,6,11,0.398952304630292,60.0,110.0,0.10818450152873993
train,941,train/sample_000941.npz,41,55,31,35,13,17,0.4695892950934408,130.0,170.0,0.028364015743136406
train,942,train/sample_000942.npz,38,44,48,60,11,15,0.9690084133987038,110.0,150.0,0.09909599274396896
train,943,train/sample_000943.npz,26,35,40,52,14,20,0.5930428261599199,140.0,200.0,0.08300710469484329
train,944,train/sample_000944.npz,43,53,38,51,3,9,0.9694664057538942,30.0,90.0,0.8096303343772888
train,945,train/sample_000945.npz,15,27,54,59,14,19,0.3809511118416497,140.0,190.0,0.02653159759938717
train,946,train/sample_000946.npz,12,20,50,60,15,21,0.3023059074818531,150.0,210.0,0.028764847666025162
train,947,train/sample_000947.npz,2,18,13,21,12,18,0.4598165029075847,120.0,180.0,0.09189216792583466
train,948,train/sample_000948.npz,7,11,34,38,4,11,0.7224720530433462,40.0,110.0,0.10791655629873276
train,949,train/sample_000949.npz,34,45,22,34,13,18,0.41879257299292444,130.0,180.0,0.06890799850225449
train,950,train/sample_000950.npz,6,11,19,23,5,8,0.34256548518437246,50.0,80.0,0.030024509876966476
train,951,train/sample_000951.npz,26,33,39,43,4,6,0.7036683331780766,40.0,60.0,0.08160538226366043
train,952,train/sample_000952.npz,47,59,27,43,13,16,0.3100450779945691,130.0,160.0,0.04633800685405731
train,953,train/sample_000953.npz,35,50,23,34,2,5,0.5122069031577563,20.0,50.0,0.36105555295944214
train,954,train/sample_000954.npz,8,24,37,46,6,8,0.8727555738390236,60.0,80.0,0.1963026374578476
train,955,train/sample_000955.npz,7,19,27,40,11,15,0.2248673440064243,110.0,150.0,0.04588823392987251
train,956,train/sample_000956.npz,16,27,14,27,10,14,0.4622736310827533,100.0,140.0,0.1003168523311615
train,957,train/sample_000957.npz,30,44,23,39,11,17,0.6967373917667261,110.0,170.0,0.2558576762676239
train,958,train/sample_000958.npz,15,29,17,26,9,14,0.5518826404733157,90.0,140.0,0.1443461924791336
train,959,train/sample_000959.npz,38,51,40,52,2,10,0.4263836326890503,20.0,100.0,0.5463240146636963
train,960,train/sample_000960.npz,29,37,33,45,11,19,0.6865031330046423,110.0,190.0,0.14831757545471191
train,961,train/sample_000961.npz,23,27,34,50,9,17,0.7643594649876622,90.0,170.0,0.1388637274503708
train,962,train/sample_000962.npz,28,38,24,31,6,8,0.42215834437056743,60.0,80.0,0.059696897864341736
train,963,train/sample_000963.npz,21,37,34,42,7,14,0.3759120341880493,70.0,140.0,0.16172417998313904
train,964,train/sample_000964.npz,37,45,35,49,8,11,0.2651539849926543,80.0,110.0,0.049766700714826584
train,965,train/sample_000965.npz,52,56,36,46,2,9,0.4749680615976557,20.0,90.0,0.24965660274028778
train,966,train/sample_000966.npz,17,23,27,43,6,11,0.4059100605556918,60.0,110.0,0.1293857991695404
train,967,train/sample_000967.npz,9,15,20,32,9,15,0.36295147926414395,90.0,150.0,0.06591949611902237
train,968,train/sample_000968.npz,33,39,57,62,3,10,0.5298485814857878,30.0,100.0,0.183462455868721
train,969,train/sample_000969.npz,9,15,3,7,16,19,0.5348689004436269,160.0,190.0,0.008257525973021984
train,970,train/sample_000970.npz,26,34,36,49,15,20,0.5709006039200095,150.0,200.0,0.060118794441223145
train,971,train/sample_000971.npz,33,40,46,62,2,5,0.8795132413667512,20.0,50.0,0.5077129602432251
train,972,train/sample_000972.npz,26,40,8,24,5,9,0.7306522234981601,50.0,90.0,0.44411394000053406
train,973,train/sample_000973.npz,44,54,49,59,9,15,0.6960647253226098,90.0,150.0,0.1723705232143402
train,974,train/sample_000974.npz,43,56,9,17,8,10,0.3538512322205515,80.0,100.0,0.045524291694164276
train,975,train/sample_000975.npz,41,50,41,46,14,21,0.6242760140886815,140.0,210.0,0.0426432304084301
train,976,train/sample_000976.npz,7,12,45,53,12,17,0.9049865725373671,120.0,170.0,0.05599092319607735
train,977,train/sample_000977.npz,10,20,27,38,14,20,0.5796240713503127,140.0,200.0,0.0827423632144928
train,978,train/sample_000978.npz,27,41,20,35,7,10,0.44392907622793293,70.0,100.0,0.15562735497951508
train,979,train/sample_000979.npz,22,31,35,45,10,18,0.5444018480876565,100.0,180.0,0.1277596801519394
train,980,train/sample_000980.npz,10,20,21,27,15,23,0.9383547358721398,150.0,230.0,0.08269742876291275
train,981,train/sample_000981.npz,16,20,31,37,10,14,0.8629182783415963,100.0,140.0,0.03751091659069061
train,982,train/sample_000982.npz,38,43,31,36,15,17,0.6688875071314931,150.0,170.0,0.008544006384909153
train,983,train/sample_000983.npz,34,41,27,37,2,8,0.4108397301415925,20.0,80.0,0.30779552459716797
train,984,train/sample_000984.npz,23,32,28,36,11,15,0.27457457013396835,110.0,150.0,0.02873689867556095
train,985,train/sample_000985.npz,45,53,12,16,4,12,0.686640605577092,40.0,120.0,0.19143380224704742
train,986,train/sample_000986.npz,17,31,13,19,15,18,0.2729051563411061,150.0,180.0,0.015350399538874626
train,987,train/sample_000987.npz,7,22,21,36,6,13,0.9672211072099539,60.0,130.0,0.7480764985084534
train,988,train/sample_000988.npz,7,19,5,21,12,19,0.6746721003291181,120.0,190.0,0.2165054976940155
train,989,train/sample_000989.npz,38,44,6,22,16,18,0.516773842472295,160.0,180.0,0.020450212061405182
train,990,train/sample_000990.npz,8,16,38,46,3,8,0.41907869148818944,30.0,80.0,0.21266964077949524
train,991,train/sample_000991.npz,21,37,28,36,3,7,0.3265342909216452,30.0,70.0,0.1999569684267044
train,992,train/sample_000992.npz,36,42,51,60,4,6,0.31598602655771413,40.0,60.0,0.05977831408381462
train,993,train/sample_000993.npz,28,44,5,15,4,11,0.36184689507367856,40.0,110.0,0.3010001480579376
train,994,train/sample_000994.npz,33,48,30,34,4,10,0.7214524168460594,40.0,100.0,0.25363653898239136
train,995,train/sample_000995.npz,4,12,34,39,8,14,0.3873805409688492,80.0,140.0,0.049946706742048264
train,996,train/sample_000996.npz,26,30,13,21,3,6,0.5734023407351521,30.0,60.0,0.1297844797372818
train,997,train/sample_000997.npz,52,56,46,62,16,21,0.538469109040262,160.0,210.0,0.031079711392521858
train,998,train/sample_000998.npz,2,15,15,20,6,13,0.21130125992788368,60.0,130.0,0.062134962528944016
train,999,train/sample_000999.npz,37,49,21,26,8,15,0.34428297730758645,80.0,150.0,0.06775278598070145
validation,0,validation/sample_000000.npz,48,60,42,55,7,10,0.3927817282104939,70.0,100.0,0.1137569397687912
validation,1,validation/sample_000001.npz,5,12,27,37,4,9,0.321973207182709,40.0,90.0,0.13468381762504578
validation,2,validation/sample_000002.npz,16,25,16,22,11,14,0.33789378125139785,110.0,140.0,0.021623587235808372
validation,3,validation/sample_000003.npz,25,31,27,43,2,7,0.6386110734666122,20.0,70.0,0.458124577999115
validation,4,validation/sample_000004.npz,49,61,6,13,8,15,0.7770161167391085,80.0,150.0,0.20913726091384888
validation,5,validation/sample_000005.npz,21,36,19,25,4,12,0.9218959362105137,40.0,120.0,0.5370787978172302
validation,6,validation/sample_000006.npz,22,35,32,46,16,19,0.7303372088256701,160.0,190.0,0.07619502395391464
validation,7,validation/sample_000007.npz,21,32,28,38,15,21,0.48404805663601974,150.0,210.0,0.062069617211818695
validation,8,validation/sample_000008.npz,40,54,8,20,10,13,0.5141803311299437,100.0,130.0,0.10064787417650223
validation,9,validation/sample_000009.npz,28,40,22,30,14,21,0.8572441861111142,140.0,210.0,0.11959059536457062
validation,10,validation/sample_000010.npz,33,48,9,18,13,18,0.9397201757267699,130.0,180.0,0.15563489496707916
validation,11,validation/sample_000011.npz,33,46,14,24,5,10,0.41206183085997755,50.0,100.0,0.2126932591199875
validation,12,validation/sample_000012.npz,25,33,52,60,12,14,0.7352299440989059,120.0,140.0,0.0340348444879055
validation,13,validation/sample_000013.npz,38,44,43,54,8,13,0.8797257619568559,80.0,130.0,0.15582984685897827
validation,14,validation/sample_000014.npz,8,14,23,30,16,20,0.8400624553532223,160.0,200.0,0.02844889648258686
validation,15,validation/sample_000015.npz,40,50,9,25,12,19,0.6689095641391447,120.0,190.0,0.18259534239768982
validation,16,validation/sample_000016.npz,38,44,17,22,13,15,0.7561718584480148,130.0,150.0,0.014918619766831398
validation,17,validation/sample_000017.npz,38,52,20,35,4,12,0.717695030458853,40.0,120.0,0.7677626609802246
validation,18,validation/sample_000018.npz,6,17,3,12,4,12,0.5252785149615704,40.0,120.0,0.35749027132987976
validation,19,validation/sample_000019.npz,5,14,9,21,10,15,0.5605547550939094,100.0,150.0,0.11301779001951218
validation,20,validation/sample_000020.npz,18,24,40,48,6,10,0.4477216240217475,60.0,100.0,0.07802006602287292
validation,21,validation/sample_000021.npz,17,27,28,39,15,23,0.6936183281284487,150.0,230.0,0.1088818609714508
validation,22,validation/sample_000022.npz,28,33,7,11,4,10,0.8118503586846721,40.0,100.0,0.13933154940605164
validation,23,validation/sample_000023.npz,9,20,12,26,4,9,0.4585658315942263,40.0,90.0,0.3132663071155548
validation,24,validation/sample_000024.npz,20,26,36,47,11,14,0.92415420497077,110.0,140.0,0.07030482590198517
validation,25,validation/sample_000025.npz,24,33,32,39,11,17,0.4446697923300537,110.0,170.0,0.05501341447234154
validation,26,validation/sample_000026.npz,52,60,34,49,3,9,0.7822989704180816,30.0,90.0,0.6004703640937805
validation,27,validation/sample_000027.npz,17,28,16,31,9,14,0.8621925358880165,90.0,140.0,0.28104767203330994
validation,28,validation/sample_000028.npz,17,32,38,52,9,15,0.41430048166180866,90.0,150.0,0.18498662114143372
validation,29,validation/sample_000029.npz,46,61,17,28,14,18,0.5868399859445945,140.0,180.0,0.08771196752786636
validation,30,validation/sample_000030.npz,30,43,41,57,13,18,0.5081976487123572,130.0,180.0,0.12290059030056
validation,31,validation/sample_000031.npz,4,13,25,41,4,10,0.5834187058369995,40.0,100.0,0.41461771726608276
validation,32,validation/sample_000032.npz,33,44,36,50,15,20,0.7014529889042422,150.0,200.0,0.1060296967625618
validation,33,validation/sample_000033.npz,10,14,28,37,9,11,0.21629477894750215,90.0,110.0,0.009346411563456059
validation,34,validation/sample_000034.npz,44,49,38,48,14,16,0.8365668977000038,140.0,160.0,0.023289967328310013
validation,35,validation/sample_000035.npz,40,52,3,12,9,11,0.5063983537354748,90.0,110.0,0.05774460360407829
validation,36,validation/sample_000036.npz,5,15,3,13,5,9,0.7523264870231616,50.0,90.0,0.28461068868637085
validation,37,validation/sample_000037.npz,48,62,14,23,8,10,0.6302643191984136,80.0,100.0,0.09399381279945374
validation,38,validation/sample_000038.npz,40,48,32,41,9,14,0.2050597177917883,90.0,140.0,0.033967275172472
validation,39,validation/sample_000039.npz,37,46,22,37,3,5,0.36589830019150515,30.0,50.0,0.14175711572170258
validation,40,validation/sample_000040.npz,27,39,45,55,6,12,0.5170878671699362,60.0,120.0,0.23786620795726776
validation,41,validation/sample_000041.npz,41,47,2,14,5,7,0.5233236284906209,50.0,70.0,0.09015192836523056
validation,42,validation/sample_000042.npz,47,56,51,61,8,14,0.7654713390768226,80.0,140.0,0.20266865193843842
validation,43,validation/sample_000043.npz,40,47,37,53,6,9,0.6444467740372911,60.0,90.0,0.16427341103553772
validation,44,validation/sample_000044.npz,51,59,34,45,16,21,0.9190535138695344,160.0,210.0,0.07503222674131393
validation,45,validation/sample_000045.npz,50,56,35,48,3,10,0.5874524709483856,30.0,100.0,0.37171313166618347
validation,46,validation/sample_000046.npz,35,45,6,21,14,22,0.30713251492284677,140.0,220.0,0.07022792100906372
validation,47,validation/sample_000047.npz,14,20,6,10,9,17,0.7789426692597552,90.0,170.0,0.06196975335478783
validation,48,validation/sample_000048.npz,42,58,15,26,14,20,0.6153126273289127,140.0,200.0,0.132389634847641
validation,49,validation/sample_000049.npz,32,48,11,16,15,17,0.281889801080324,150.0,170.0,0.010421006008982658
validation,50,validation/sample_000050.npz,43,55,7,13,14,16,0.6915419958705328,140.0,160.0,0.02694195695221424
validation,51,validation/sample_000051.npz,15,19,11,24,13,21,0.2492991987020896,130.0,210.0,0.023279916495084763
validation,52,validation/sample_000052.npz,40,50,38,47,5,12,0.48535423972433683,50.0,120.0,0.23822268843650818
validation,53,validation/sample_000053.npz,33,37,31,40,3,6,0.34841935170552585,30.0,60.0,0.08424028009176254
validation,54,validation/sample_000054.npz,12,17,49,61,3,7,0.7476215828686494,30.0,70.0,0.29601794481277466
validation,55,validation/sample_000055.npz,40,50,20,26,2,6,0.32225061124176596,20.0,60.0,0.17688298225402832
validation,56,validation/sample_000056.npz,35,49,35,41,15,20,0.3411661224231196,150.0,200.0,0.029022134840488434
validation,57,validation/sample_000057.npz,35,51,50,61,5,9,0.22620578421095622,50.0,90.0,0.11925137788057327
validation,58,validation/sample_000058.npz,38,48,5,18,13,17,0.3374954913850813,130.0,170.0,0.04597403481602669
validation,59,validation/sample_000059.npz,25,35,30,38,15,22,0.7242454800058324,150.0,220.0,0.07691829651594162
validation,60,validation/sample_000060.npz,8,20,24,38,14,22,0.6070345110187851,140.0,220.0,0.15439291298389435
validation,61,validation/sample_000061.npz,25,35,43,56,5,9,0.21662945958067326,50.0,90.0,0.09644076228141785
validation,62,validation/sample_000062.npz,14,30,20,26,14,20,0.3198662661538448,140.0,200.0,0.03880416229367256
validation,63,validation/sample_000063.npz,2,7,48,54,9,14,0.2565205726168885,90.0,140.0,0.019113022834062576
validation,64,validation/sample_000064.npz,25,39,56,60,8,13,0.42320784273130113,80.0,130.0,0.06071411818265915
validation,65,validation/sample_000065.npz,23,34,14,30,15,22,0.8535584514049175,150.0,220.0,0.1856362372636795
validation,66,validation/sample_000066.npz,16,32,22,34,9,15,0.8524022047403654,90.0,150.0,0.35288140177726746
validation,67,validation/sample_000067.npz,27,38,48,62,13,15,0.5828099687531072,130.0,150.0,0.05122966319322586
validation,68,validation/sample_000068.npz,7,12,11,25,14,20,0.2336531536424488,140.0,200.0,0.02126578986644745
validation,69,validation/sample_000069.npz,47,57,17,26,14,22,0.7600081232539393,140.0,220.0,0.10996606200933456
validation,70,validation/sample_000070.npz,7,23,37,41,7,15,0.3038057520578695,70.0,150.0,0.0741947814822197
validation,71,validation/sample_000071.npz,53,57,43,58,4,12,0.37311144694637977,40.0,120.0,0.15133829414844513
validation,72,validation/sample_000072.npz,11,22,5,21,11,19,0.2522217875829279,110.0,190.0,0.09183958172798157
validation,73,validation/sample_000073.npz,30,36,48,52,10,17,0.5223701934164047,100.0,170.0,0.03294182941317558
validation,74,validation/sample_000074.npz,56,62,29,38,10,13,0.7504493864810162,100.0,130.0,0.05598045885562897
validation,75,validation/sample_000075.npz,10,24,52,62,12,15,0.48023827379901196,120.0,150.0,0.06209731101989746
validation,76,validation/sample_000076.npz,20,33,33,37,3,6,0.47540622971572166,30.0,60.0,0.13313256204128265
validation,77,validation/sample_000077.npz,3,17,25,41,11,13,0.8384316010176149,110.0,130.0,0.12692095339298248
validation,78,validation/sample_000078.npz,17,24,2,9,14,21,0.6957418897085741,140.0,210.0,0.05191365256905556
validation,79,validation/sample_000079.npz,3,12,40,56,13,20,0.5175637561372004,130.0,200.0,0.11493604630231857
validation,80,validation/sample_000080.npz,4,15,31,45,10,18,0.2471322714686428,100.0,180.0,0.09151095151901245
validation,81,validation/sample_000081.npz,17,31,5,11,10,18,0.7931574452701706,100.0,180.0,0.1686406135559082
validation,82,validation/sample_000082.npz,51,59,6,20,15,18,0.95177619841824,150.0,180.0,0.07054245471954346
validation,83,validation/sample_000083.npz,3,11,49,53,9,17,0.2562489108515643,90.0,170.0,0.0265639778226614
validation,84,validation/sample_000084.npz,44,51,31,35,2,10,0.8492773956773305,20.0,100.0,0.39088791608810425
validation,85,validation/sample_000085.npz,33,48,33,38,3,5,0.38743648064953895,30.0,50.0,0.10218716412782669
validation,86,validation/sample_000086.npz,52,62,38,51,16,20,0.9017402931031333,160.0,200.0,0.08844435960054398
validation,87,validation/sample_000087.npz,28,41,11,21,14,19,0.25467831231650195,140.0,190.0,0.03681207820773125
validation,88,validation/sample_000088.npz,25,38,45,57,2,8,0.753243317685935,20.0,80.0,0.8316628932952881
validation,89,validation/sample_000089.npz,34,49,23,39,6,11,0.7933522920360951,60.0,110.0,0.5102183818817139
validation,90,validation/sample_000090.npz,46,59,37,44,10,17,0.9830469235576331,100.0,170.0,0.21080337464809418
validation,91,validation/sample_000091.npz,19,35,24,37,3,9,0.6710166263916577,30.0,90.0,0.7032196521759033
validation,92,validation/sample_000092.npz,3,12,17,22,8,15,0.2950620338096208,80.0,150.0,0.04615568742156029
validation,93,validation/sample_000093.npz,50,59,32,42,4,6,0.3357575457934924,40.0,60.0,0.08896101266145706
validation,94,validation/sample_000094.npz,39,48,45,58,4,11,0.22096748523904708,40.0,110.0,0.1550929844379425
validation,95,validation/sample_000095.npz,15,31,13,23,6,13,0.5772822233321184,60.0,130.0,0.34801724553108215
validation,96,validation/sample_000096.npz,30,35,16,30,15,20,0.323394897676057,150.0,200.0,0.023051893338561058
validation,97,validation/sample_000097.npz,27,41,11,24,10,13,0.8082366304699493,100.0,130.0,0.16874219477176666
validation,98,validation/sample_000098.npz,4,11,20,30,11,14,0.5512780490419008,110.0,140.0,0.04470894858241081
validation,99,validation/sample_000099.npz,18,29,10,16,13,18,0.822642075800849,130.0,180.0,0.07127685099840164
test,0,test/sample_000000.npz,26,38,2,16,13,20,0.41850657008533887,130.0,200.0,0.10797185450792313
test,1,test/sample_000001.npz,27,41,48,58,10,18,0.5004847777029618,100.0,180.0,0.1703394204378128
test,2,test/sample_000002.npz,28,36,19,34,4,11,0.2418256086570584,40.0,110.0,0.16643215715885162
test,3,test/sample_000003.npz,32,45,14,27,4,7,0.8201866017545718,40.0,70.0,0.4140072464942932
test,4,test/sample_000004.npz,15,31,2,12,2,10,0.6085285053919176,20.0,100.0,0.7667579054832458
test,5,test/sample_000005.npz,29,36,35,42,4,10,0.3827491773739417,40.0,100.0,0.1385078728199005
test,6,test/sample_000006.npz,30,38,11,22,7,10,0.31048379029499895,70.0,100.0,0.05886372923851013
test,7,test/sample_000007.npz,55,60,18,25,2,6,0.9215637521454354,20.0,60.0,0.3871144652366638
test,8,test/sample_000008.npz,37,51,29,43,7,9,0.6538884472112467,70.0,90.0,0.15678317844867706
test,9,test/sample_000009.npz,16,30,15,29,5,9,0.44142834699648925,50.0,90.0,0.250838041305542
test,10,test/sample_000010.npz,9,18,52,56,6,9,0.9295901180571848,60.0,90.0,0.10112173110246658
test,11,test/sample_000011.npz,36,47,23,28,8,16,0.5914873572987103,80.0,160.0,0.11745048314332962
test,12,test/sample_000012.npz,9,16,44,55,2,9,0.9789312585386709,20.0,90.0,0.8205022215843201
test,13,test/sample_000013.npz,18,29,27,39,11,19,0.4674187293715054,110.0,190.0,0.13479918241500854
test,14,test/sample_000014.npz,17,29,4,9,10,16,0.8596020541534992,100.0,160.0,0.11358269304037094
test,15,test/sample_000015.npz,19,32,19,28,8,14,0.9754831109588691,80.0,140.0,0.31710705161094666
test,16,test/sample_000016.npz,31,43,11,17,4,12,0.7268219862806113,40.0,120.0,0.376687228679657
test,17,test/sample_000017.npz,6,22,42,58,5,13,0.42289324736653794,50.0,130.0,0.4365916848182678
test,18,test/sample_000018.npz,55,59,26,38,2,4,0.7236559730231855,20.0,40.0,0.2017519176006317
test,19,test/sample_000019.npz,36,44,44,54,5,13,0.9761092089905923,50.0,130.0,0.46543410420417786
test,20,test/sample_000020.npz,47,56,43,52,11,19,0.3931912484974352,110.0,190.0,0.07369676977396011
test,21,test/sample_000021.npz,19,28,37,52,6,12,0.2896793859411377,60.0,120.0,0.14186260104179382
test,22,test/sample_000022.npz,49,62,30,37,10,17,0.880344947589093,100.0,170.0,0.18878008425235748
test,23,test/sample_000023.npz,2,8,14,30,3,10,0.4860785681784607,30.0,100.0,0.3331235647201538
test,24,test/sample_000024.npz,11,27,45,55,9,11,0.8164474422280799,90.0,110.0,0.12357594817876816
test,25,test/sample_000025.npz,42,51,37,41,8,14,0.5683164696744187,80.0,140.0,0.06543312221765518
test,26,test/sample_000026.npz,47,51,25,30,7,12,0.350172737959807,70.0,120.0,0.0259926188737154
test,27,test/sample_000027.npz,41,50,30,43,6,8,0.6125841447670141,60.0,80.0,0.12418892234563828
test,28,test/sample_000028.npz,29,44,7,22,3,11,0.44025573529841266,30.0,110.0,0.5671558380126953
test,29,test/sample_000029.npz,32,44,41,50,6,14,0.39621267448743974,60.0,140.0,0.19764646887779236
test,30,test/sample_000030.npz,48,61,45,50,8,13,0.8804495548693931,80.0,130.0,0.14926652610301971
test,31,test/sample_000031.npz,4,13,36,49,10,12,0.7451116282430892,100.0,120.0,0.07750694453716278
test,32,test/sample_000032.npz,33,47,43,50,10,18,0.4536965295001106,100.0,180.0,0.11179313063621521
test,33,test/sample_000033.npz,27,38,26,38,9,17,0.2720440302257278,90.0,170.0,0.10151246190071106
test,34,test/sample_000034.npz,42,46,8,20,14,18,0.4928845297731595,140.0,180.0,0.023178793489933014
test,35,test/sample_000035.npz,21,36,58,62,2,5,0.5947772066451078,20.0,50.0,0.22877870500087738
test,36,test/sample_000036.npz,41,46,53,61,6,11,0.401800628417347,60.0,110.0,0.06864852458238602
test,37,test/sample_000037.npz,14,19,5,18,6,11,0.7466212916143531,60.0,110.0,0.18056830763816833
test,38,test/sample_000038.npz,20,27,16,20,12,17,0.7968833856572011,120.0,170.0,0.03500127047300339
test,39,test/sample_000039.npz,20,35,3,17,12,17,0.7629892957150148,120.0,170.0,0.20834271609783173
test,40,test/sample_000040.npz,2,14,14,30,5,13,0.8508212396644317,50.0,130.0,0.7355930209159851
test,41,test/sample_000041.npz,57,62,43,49,11,16,0.22972852945548575,110.0,160.0,0.01248119119554758
test,42,test/sample_000042.npz,26,38,17,28,10,18,0.9010757355180139,100.0,180.0,0.29454079270362854
test,43,test/sample_000043.npz,22,36,48,54,7,13,0.35251420528479405,70.0,130.0,0.09829186648130417
test,44,test/sample_000044.npz,47,54,24,38,3,11,0.26026452995656274,30.0,110.0,0.20427492260932922
test,45,test/sample_000045.npz,48,60,43,55,13,19,0.985009800595191,130.0,190.0,0.19978146255016327
test,46,test/sample_000046.npz,5,17,26,38,13,18,0.9301895209449009,130.0,180.0,0.1650191992521286
test,47,test/sample_000047.npz,50,54,13,25,15,18,0.5973902245744515,150.0,180.0,0.019773731008172035
test,48,test/sample_000048.npz,20,36,12,25,5,7,0.9824341923245099,50.0,70.0,0.33073869347572327
test,49,test/sample_000049.npz,44,59,19,28,4,7,0.5179009186127406,40.0,70.0,0.22607527673244476
test,50,test/sample_000050.npz,35,44,50,62,15,19,0.72135900712889,150.0,190.0,0.066362164914608
test,51,test/sample_000051.npz,51,59,43,56,6,13,0.37423866817625195,60.0,130.0,0.1663527488708496
test,52,test/sample_000052.npz,9,22,50,55,16,18,0.4429161076305067,160.0,180.0,0.012329746969044209
test,53,test/sample_000053.npz,48,52,17,29,9,16,0.42941936860823593,90.0,160.0,0.05818987265229225
test,54,test/sample_000054.npz,29,40,27,32,10,15,0.6097491362399554,100.0,150.0,0.06643705815076828
test,55,test/sample_000055.npz,42,49,37,43,16,22,0.9196805259066696,160.0,220.0,0.04257832467556
test,56,test/sample_000056.npz,16,26,49,54,11,17,0.4647366238515733,110.0,170.0,0.04573361948132515
test,57,test/sample_000057.npz,20,30,17,23,5,8,0.5577591719388282,50.0,80.0,0.11748037487268448
test,58,test/sample_000058.npz,36,48,36,44,6,11,0.24242589733750758,60.0,110.0,0.08356907218694687
test,59,test/sample_000059.npz,9,24,11,19,12,14,0.3767422897703299,120.0,140.0,0.02973557822406292
test,60,test/sample_000060.npz,2,13,28,34,2,4,0.23116703153289855,20.0,40.0,0.0831913948059082
test,61,test/sample_000061.npz,38,46,51,58,16,21,0.3720606465250674,160.0,210.0,0.019825449213385582
test,62,test/sample_000062.npz,11,24,46,54,8,15,0.8421167531144729,80.0,150.0,0.2710897922515869
test,63,test/sample_000063.npz,36,45,25,30,3,9,0.8960763116910178,30.0,90.0,0.38294950127601624
test,64,test/sample_000064.npz,53,62,28,43,3,5,0.32454015770009037,30.0,50.0,0.12573406100273132
test,65,test/sample_000065.npz,24,31,24,36,15,22,0.2664662197536412,150.0,220.0,0.029448501765727997
test,66,test/sample_000066.npz,35,44,42,53,8,10,0.4722755711411102,80.0,100.0,0.059762291610240936
test,67,test/sample_000067.npz,37,46,9,24,6,12,0.44518430185486396,60.0,120.0,0.21801690757274628
test,68,test/sample_000068.npz,3,19,39,43,6,13,0.31382638284527387,60.0,130.0,0.0840606689453125
test,69,test/sample_000069.npz,42,46,6,11,3,7,0.8997083294743518,30.0,70.0,0.17656104266643524
test,70,test/sample_000070.npz,18,31,36,52,2,10,0.7897213973737582,20.0,100.0,1.1377171277999878
test,71,test/sample_000071.npz,3,17,14,30,7,11,0.5624656966478618,70.0,110.0,0.2557598650455475
test,72,test/sample_000072.npz,2,11,23,38,12,19,0.39565027462869856,120.0,190.0,0.09344509989023209
test,73,test/sample_000073.npz,24,33,21,34,14,21,0.7348683566567875,140.0,210.0,0.12318101525306702
test,74,test/sample_000074.npz,14,23,29,38,9,12,0.8205806512178224,90.0,120.0,0.10384786128997803
test,75,test/sample_000075.npz,40,50,17,33,8,16,0.49887280517791305,80.0,160.0,0.2434561550617218
test,76,test/sample_000076.npz,45,52,6,11,6,13,0.5423154105433978,60.0,130.0,0.10002744942903519
test,77,test/sample_000077.npz,26,35,45,51,7,9,0.39674212047130886,70.0,90.0,0.03686060383915901
test,78,test/sample_000078.npz,25,32,30,41,15,20,0.35503409021793014,150.0,200.0,0.028379909694194794
test,79,test/sample_000079.npz,4,19,28,36,10,14,0.31889586902152306,100.0,140.0,0.05824253335595131
test,80,test/sample_000080.npz,40,49,15,24,10,13,0.6899564122718815,100.0,130.0,0.07451453059911728
test,81,test/sample_000081.npz,35,49,47,51,7,14,0.4074278407265244,70.0,140.0,0.08491254597902298
test,82,test/sample_000082.npz,11,15,17,28,8,15,0.9329053503280216,80.0,150.0,0.13843123614788055
test,83,test/sample_000083.npz,51,56,50,58,5,11,0.796755484748652,50.0,110.0,0.1883781999349594
test,84,test/sample_000084.npz,18,31,8,20,2,5,0.7106719710477303,20.0,50.0,0.49665290117263794
test,85,test/sample_000085.npz,24,35,44,50,5,7,0.42873995906955414,50.0,70.0,0.07069693505764008
test,86,test/sample_000086.npz,28,39,27,31,2,5,0.6937028621477168,20.0,50.0,0.2487579733133316
test,87,test/sample_000087.npz,49,58,11,26,3,11,0.623840488725977,30.0,110.0,0.603212296962738
test,88,test/sample_000088.npz,48,52,50,58,9,12,0.6359133230917497,90.0,120.0,0.034331921488046646
test,89,test/sample_000089.npz,22,32,5,14,16,22,0.9456907586969376,160.0,220.0,0.09078242629766464
test,90,test/sample_000090.npz,27,35,49,59,9,17,0.6058591836744556,90.0,170.0,0.14696551859378815
test,91,test/sample_000091.npz,31,37,36,45,6,12,0.6557160727838093,60.0,120.0,0.16065578162670135
test,92,test/sample_000092.npz,4,17,37,43,12,17,0.5178671073652327,120.0,170.0,0.058617301285266876
test,93,test/sample_000093.npz,48,60,2,6,8,10,0.2599987914392319,80.0,100.0,0.01677815616130829
test,94,test/sample_000094.npz,40,50,16,25,3,8,0.7243930948471748,30.0,80.0,0.4522062838077545
test,95,test/sample_000095.npz,48,59,50,58,16,22,0.6682479236684189,160.0,220.0,0.06264407932758331
test,96,test/sample_000096.npz,10,19,16,32,15,23,0.7996769967882476,150.0,230.0,0.1583092212677002
test,97,test/sample_000097.npz,26,34,29,34,12,14,0.21346075140225979,120.0,140.0,0.006354010663926601
test,98,test/sample_000098.npz,26,39,19,26,16,24,0.3451635642411526,160.0,240.0,0.0406961590051651
test,99,test/sample_000099.npz,32,48,48,54,9,14,0.8064014121066772,90.0,140.0,0.15979668498039246
